mode,epoch,update_epoch,minibatch_id,route_step_index_within_epoch,offload_active_count,offload_active_fraction,route_logprob_active_fraction,route_effective_advantage_mean,route_effective_advantage_std,route_loss,route_old_logprob_mean,route_new_logprob_mean,route_ratio_mean,route_approx_kl_precheck,route_clip_fraction_precheck,bare_route_head_grad_norm,bare_route_backbone_grad_norm,route_step_blocked_by_trust_region,route_step_blocked_by_coupled_stop,route_step_blocked_by_other_guard,optimizer_step_executed,route_param_delta_norm,counted_into_route_update_count,counted_route_head_grad_norm,counted_route_backbone_grad_norm,theta_step_happened_before_this_route_step,theta_param_delta_norm_before_route_step
hierarchical_actor_true_conditional_route_candidate_score_credit,0,0,0,2,396,0.515625,0.515625,-0.006085807457566261,0.9641662240028381,0.005275186616927385,-0.6753076910972595,-0.6753037571907043,1.0000046491622925,-3.979513166996185e-06,0.0,0.08128021151374687,0.05248773592666258,0.0,0.0,0.0,1.0,0.11372379724381723,1.0,0.08128021151374687,0.05248773592666258,1.0,0.13306272754359802
hierarchical_actor_true_conditional_route_candidate_score_credit,0,0,1,3,384,0.5,0.5,-0.022772030904889107,0.9782478213310242,0.02312445640563965,-0.671917200088501,-0.6732116341590881,0.9989572167396545,0.0012944088084623218,0.0,0.08477251874015196,0.05730186595278437,0.0,0.0,0.0,1.0,0.07854291551305885,1.0,0.08477251874015196,0.05730186595278437,1.0,0.07823388321165305
hierarchical_actor_true_conditional_route_candidate_score_credit,0,0,2,4,393,0.51171875,0.51171875,-0.034227605909109116,0.9790267944335938,0.03403273597359657,-0.6731090545654297,-0.6772722601890564,0.9963920712471008,0.004163205157965422,0.0,0.0786071714583447,0.0598068805146482,0.0,0.0,0.0,1.0,0.061393804430857346,1.0,0.0786071714583447,0.0598068805146482,1.0,0.06284770247262847
hierarchical_actor_true_conditional_route_candidate_score_credit,0,0,3,5,52,0.5416666865348816,0.5416666865348816,-0.056434888392686844,0.9708406329154968,0.033130448311567307,-0.6662685871124268,-0.6725477576255798,0.9946801662445068,0.006279160268604755,0.0,0.26729424365429505,0.17773574761933303,0.0,0.0,0.0,1.0,0.07034437741191872,1.0,0.26729424365429505,0.17773574761933303,1.0,0.061342656300053075
hierarchical_actor_true_conditional_route_candidate_score_credit,0,1,4,6,417,0.54296875,0.54296875,-0.04768434166908264,0.981860876083374,0.03780929371714592,-0.6763705015182495,-0.6809459924697876,0.9969941973686218,0.00457553518936038,0.0,0.0778083263544949,0.052749623535521324,0.0,0.0,0.0,1.0,0.06763069410014992,1.0,0.0778083263544949,0.052749623535521324,1.0,0.05536347157329799
hierarchical_actor_true_conditional_route_candidate_score_credit,0,1,5,7,383,0.4986979067325592,0.4986979067325592,0.04849414527416229,0.9692357778549194,-0.05853920802474022,-0.6653532981872559,-0.6820740103721619,0.9862632751464844,0.01672074757516384,0.0,0.0870406589584495,0.05374020704451899,0.0,0.0,0.0,1.0,0.06102454191934633,1.0,0.0870406589584495,0.05374020704451899,1.0,0.05309444324921897
hierarchical_actor_true_conditional_route_candidate_score_credit,0,1,6,8,383,0.4986979067325592,0.4986979067325592,-0.030628904700279236,0.9654908180236816,0.017771374434232712,-0.6760463714599609,-0.6895225048065186,0.9906613826751709,0.013476165011525154,0.023498695343732834,0.06765590265500862,0.04315738913107418,0.0,0.0,0.0,1.0,0.055053028763282025,1.0,0.06765590265500862,0.04315738913107418,1.0,0.050079424545670596
hierarchical_actor_true_conditional_route_candidate_score_credit,0,1,7,9,42,0.4375,0.4375,-0.3452026844024658,0.9271314144134521,0.3598470687866211,-0.6860321760177612,-0.6611756086349487,1.028648853302002,-0.02485661208629608,0.0476190485060215,0.3177250157289397,0.20276375723549947,0.0,0.0,0.0,1.0,0.05238156013407662,1.0,0.3177250157289397,0.20276375723549947,1.0,0.05048771750104877
hierarchical_actor_true_conditional_route_candidate_score_credit,0,2,8,10,394,0.5130208134651184,0.5130208134651184,-0.06794938445091248,0.9747394919395447,0.062350016087293625,-0.6705883145332336,-0.6917724609375,0.9845371842384338,0.021184127777814865,0.0964467003941536,0.08040321216486757,0.052700321333828855,0.0,0.0,0.0,1.0,0.04641388613385354,1.0,0.08040321216486757,0.052700321333828855,1.0,0.04804957491039898
hierarchical_actor_true_conditional_route_candidate_score_credit,0,2,9,11,412,0.5364583134651184,0.5364583134651184,-0.05331295356154442,0.9679498672485352,0.03125210106372833,-0.6785722970962524,-0.6918963193893433,0.9929560422897339,0.013323978520929813,0.11407767236232758,0.08720573974321369,0.05335710141497317,0.0,0.0,0.0,1.0,0.043934482656637186,1.0,0.08720573974321369,0.05335710141497317,1.0,0.04362947416752594
hierarchical_actor_true_conditional_route_candidate_score_credit,0,2,10,12,379,0.4934895932674408,0.4934895932674408,0.033713117241859436,0.9752205014228821,-0.044434644281864166,-0.670599102973938,-0.6903479695320129,0.9863222241401672,0.01974889077246189,0.09762533009052277,0.09159883767417237,0.047113969293651255,0.0,0.0,0.0,1.0,0.04191166984078524,1.0,0.09159883767417237,0.047113969293651255,1.0,0.042293557295669144
hierarchical_actor_true_conditional_route_candidate_score_credit,0,2,11,13,40,0.4166666567325592,0.4166666567325592,0.2104804962873459,0.9505341053009033,-0.2554858922958374,-0.6668809652328491,-0.6849257946014404,0.989447295665741,0.018044892698526382,0.05000000074505806,0.40988416269023065,0.2383369332456379,0.0,0.0,0.0,1.0,0.049346313348983824,1.0,0.40988416269023065,0.2383369332456379,1.0,0.049269455961434054
hierarchical_actor_true_conditional_route_candidate_score_credit,0,3,12,14,386,0.5026041865348816,0.5026041865348816,0.030225815251469612,0.95628422498703,-0.038773830980062485,-0.6673591136932373,-0.6880564093589783,0.9859212636947632,0.02069728635251522,0.06735751032829285,0.07141167321306041,0.048262844208908126,0.0,0.0,0.0,1.0,0.042823026701621976,1.0,0.07141167321306041,0.048262844208908126,1.0,0.044749209672116035
hierarchical_actor_true_conditional_route_candidate_score_credit,0,3,13,15,395,0.5143229365348816,0.5143229365348816,-0.04366767033934593,0.9821504354476929,0.03803880140185356,-0.6765407919883728,-0.6964755058288574,0.9875634908676147,0.019934728741645813,0.10886076092720032,0.08711286457341988,0.05945984847537482,0.0,0.0,0.0,1.0,0.03810594604727793,1.0,0.08711286457341988,0.05945984847537482,1.0,0.04279657025934872
hierarchical_actor_true_conditional_route_candidate_score_credit,0,3,14,16,399,0.51953125,0.51953125,-0.05716000869870186,0.978629469871521,0.02027163654565811,-0.6749285459518433,-0.697393000125885,0.9856799840927124,0.022464433684945107,0.11027568578720093,0.13116147361122346,0.06915039942736238,0.0,0.0,0.0,1.0,0.03976750433922928,1.0,0.13116147361122346,0.06915039942736238,1.0,0.036663231687835585
hierarchical_actor_true_conditional_route_candidate_score_credit,0,3,15,17,45,0.46875,0.46875,0.018842453137040138,0.9840471148490906,-0.04909997805953026,-0.6774486303329468,-0.6557893753051758,1.0279333591461182,-0.021659348160028458,0.08888889104127884,0.2532115971555008,0.16509495725962967,0.0,0.0,0.0,1.0,0.04758601322440846,1.0,0.2532115971555008,0.16509495725962967,1.0,0.044719693310913515
hierarchical_actor_true_conditional_route_candidate_score_credit,0,4,16,18,370,0.4817708432674408,0.4817708432674408,0.026031479239463806,0.9824817180633545,-0.04909878224134445,-0.6765697598457336,-0.6921916007995605,0.9929214119911194,0.015621945261955261,0.10000000149011612,0.0721268054123369,0.045956208908392006,0.0,0.0,0.0,1.0,0.04476696750840348,1.0,0.0721268054123369,0.045956208908392006,1.0,0.04053749235272202
hierarchical_actor_true_conditional_route_candidate_score_credit,0,4,17,19,396,0.515625,0.515625,-0.08941219002008438,0.9731889367103577,0.06667374074459076,-0.6720157265663147,-0.6931530833244324,0.9880779385566711,0.02113739401102066,0.1111111119389534,0.10706960920036562,0.06650556648334227,0.0,0.0,0.0,1.0,0.03856965459487002,1.0,0.10706960920036562,0.06650556648334227,1.0,0.033727273443669915
hierarchical_actor_true_conditional_route_candidate_score_credit,0,4,18,20,405,0.52734375,0.52734375,0.009779805317521095,0.9643732309341431,-0.02836005575954914,-0.6736367344856262,-0.6970312595367432,0.9858876466751099,0.02339463122189045,0.10370370000600815,0.08378599787210564,0.049002475966780694,0.0,0.0,0.0,1.0,0.03562657670093501,1.0,0.08378599787210564,0.049002475966780694,1.0,0.0313434288411027
hierarchical_actor_true_conditional_route_candidate_score_credit,0,4,19,21,54,0.5625,0.5625,-0.10603227466344833,0.9547586441040039,0.1291530579328537,-0.6545189619064331,-0.6967722773551941,0.9669281840324402,0.04225322976708412,0.09259258955717087,0.22598739313405902,0.13859076509035018,0.0,0.0,0.0,1.0,0.041808815096155125,1.0,0.22598739313405902,0.13859076509035018,1.0,0.039798035925080716
hierarchical_actor_true_conditional_route_candidate_score_credit,0,5,20,22,383,0.4986979067325592,0.4986979067325592,-0.024541376158595085,0.9607665538787842,0.003831950481981039,-0.6717244982719421,-0.6841449737548828,0.9966795444488525,0.012420492246747017,0.06788511574268341,0.11072303088587518,0.06626038504018299,0.0,0.0,0.0,1.0,0.038635306835055325,1.0,0.11072303088587518,0.06626038504018299,1.0,0.03711405979313063
hierarchical_actor_true_conditional_route_candidate_score_credit,0,5,21,23,392,0.5104166865348816,0.5104166865348816,-0.0867377296090126,0.974299967288971,0.039029769599437714,-0.6715742349624634,-0.6995285749435425,0.981623113155365,0.027954358607530594,0.09438775479793549,0.14948775235669914,0.0909435484528137,0.0,0.0,0.0,1.0,0.0343154200578835,1.0,0.14948775235669914,0.0909435484528137,1.0,0.034541257073039004
hierarchical_actor_true_conditional_route_candidate_score_credit,0,5,22,24,401,0.5221354365348816,0.5221354365348816,0.04350593686103821,0.9815505146980286,-0.04442388191819191,-0.6771003007888794,-0.7027260065078735,0.9833179116249084,0.025625741109251976,0.08229426294565201,0.08966462181520976,0.06464140394136275,0.0,0.0,0.0,1.0,0.03287486129666098,1.0,0.08966462181520976,0.06464140394136275,1.0,0.03326692336912852
hierarchical_actor_true_conditional_route_candidate_score_credit,0,5,23,25,49,0.5104166865348816,0.5104166865348816,-0.03236420452594757,0.9706564545631409,0.06587803363800049,-0.664716899394989,-0.6663804054260254,1.0076721906661987,0.0016635071951895952,0.06122449040412903,0.30258381317082944,0.18041223145929006,0.0,0.0,0.0,1.0,0.044487714584804286,1.0,0.30258381317082944,0.18041223145929006,1.0,0.037760200667791614
hierarchical_actor_true_conditional_route_candidate_score_credit,0,6,24,26,399,0.51953125,0.51953125,-0.07782258838415146,0.9747564792633057,0.06426243484020233,-0.6713681221008301,-0.6938130259513855,0.9857103824615479,0.022444909438490868,0.04010025039315224,0.07164036071254866,0.047484047281439255,0.0,0.0,0.0,1.0,0.040207457615608524,1.0,0.07164036071254866,0.047484047281439255,1.0,0.03551942436532402
hierarchical_actor_true_conditional_route_candidate_score_credit,0,6,25,27,398,0.5182291865348816,0.5182291865348816,0.06737682223320007,0.9779186248779297,-0.08362496644258499,-0.6748649477958679,-0.6912980079650879,0.9912941455841064,0.016432972624897957,0.032663315534591675,0.07614316399910921,0.05100109770197642,0.0,0.0,0.0,1.0,0.037095567929393884,1.0,0.07614316399910921,0.05100109770197642,1.0,0.035045794852645834
hierarchical_actor_true_conditional_route_candidate_score_credit,0,6,26,28,377,0.4908854067325592,0.4908854067325592,-0.05392330512404442,0.9598944783210754,0.01939997263252735,-0.672203004360199,-0.6917034387588501,0.9876677989959717,0.019500406458973885,0.01326259970664978,0.09763283350316364,0.060961016727059,0.0,0.0,0.0,1.0,0.033910060757525035,1.0,0.09763283350316364,0.060961016727059,1.0,0.03000963358669752
hierarchical_actor_true_conditional_route_candidate_score_credit,0,6,27,29,51,0.53125,0.53125,-0.05835655331611633,0.9857447147369385,0.010895083658397198,-0.6808471083641052,-0.6992548108100891,0.9889438152313232,0.018407706171274185,0.0,0.2634235049216726,0.1823627252322687,0.0,0.0,0.0,1.0,0.045032178272532634,1.0,0.2634235049216726,0.1823627252322687,1.0,0.041204774853780594
hierarchical_actor_true_conditional_route_candidate_score_credit,0,7,28,30,379,0.4934895932674408,0.4934895932674408,-0.006395988631993532,0.9610530138015747,-0.02977745234966278,-0.6727635264396667,-0.6976557374000549,0.9832320213317871,0.02489231340587139,0.047493401914834976,0.10815486447987865,0.0768805820104429,0.0,0.0,0.0,1.0,0.046437627543664046,1.0,0.10815486447987865,0.0768805820104429,1.0,0.037691928031904694
hierarchical_actor_true_conditional_route_candidate_score_credit,0,7,29,31,393,0.51171875,0.51171875,0.009227379225194454,0.9811712503433228,-0.0314817950129509,-0.6749846935272217,-0.6931635141372681,0.9903666377067566,0.018178805708885193,0.08396946638822556,0.09182687671460307,0.062227579760725425,0.0,0.0,0.0,1.0,0.03985687145331423,1.0,0.09182687671460307,0.062227579760725425,1.0,0.03293503936550874
hierarchical_actor_true_conditional_route_candidate_score_credit,0,7,30,32,405,0.52734375,0.52734375,-0.08028320223093033,0.9749674201011658,0.06556043028831482,-0.67170649766922,-0.6924688816070557,0.9889383912086487,0.020762307569384575,0.12839506566524506,0.07798319916531456,0.05975386556112158,0.0,0.0,0.0,1.0,0.03376330828846422,1.0,0.07798319916531456,0.05975386556112158,1.0,0.029744890883385902
hierarchical_actor_true_conditional_route_candidate_score_credit,0,7,31,33,48,0.5,0.5,0.07858157902956009,0.9769995212554932,-0.09410961717367172,-0.673508882522583,-0.6738794445991516,1.0085769891738892,0.0003705552371684462,0.0625,0.18952588119959274,0.15168085129965833,0.0,0.0,0.0,1.0,0.04106680128221813,1.0,0.18952588119959274,0.15168085129965833,1.0,0.03772236586891561
hierarchical_actor_true_conditional_route_candidate_score_credit,0,8,32,34,401,0.5221354365348816,0.5221354365348816,-0.05196511000394821,0.9600958228111267,0.011289008893072605,-0.6712594628334045,-0.6932923793792725,0.9889343976974487,0.022032933309674263,0.1795511245727539,0.09302657878769639,0.06307189160595883,0.0,0.0,0.0,1.0,0.03995102479938773,1.0,0.09302657878769639,0.06307189160595883,1.0,0.036548644221166854
hierarchical_actor_true_conditional_route_candidate_score_credit,0,8,33,35,400,0.5208333134651184,0.5208333134651184,-0.05158839374780655,0.977043092250824,0.022253727540373802,-0.6731090545654297,-0.6995656490325928,0.9833300709724426,0.026456525549292564,0.12250000238418579,0.06764618176569694,0.05092535926051859,0.0,0.0,0.0,1.0,0.03832447105735322,1.0,0.06764618176569694,0.05092535926051859,1.0,0.03363469315483778
hierarchical_actor_true_conditional_route_candidate_score_credit,0,8,34,36,375,0.48828125,0.48828125,0.02572680078446865,0.9806053638458252,-0.03887046128511429,-0.674389660358429,-0.6946218013763428,0.989972710609436,0.020232103765010834,0.14133332669734955,0.12350961181579592,0.09191352793542627,0.0,0.0,0.0,1.0,0.03721624769449508,1.0,0.12350961181579592,0.09191352793542627,1.0,0.031604924027510806
hierarchical_actor_true_conditional_route_candidate_score_credit,0,8,35,37,49,0.5104166865348816,0.5104166865348816,0.08745532482862473,0.9824728965759277,-0.06996434926986694,-0.6796143054962158,-0.6714655160903931,1.015272617340088,-0.008148875087499619,0.020408162847161293,0.2849793980983367,0.24295646469665458,0.0,0.0,0.0,1.0,0.05429383642162633,1.0,0.2849793980983367,0.24295646469665458,1.0,0.03907052195576531
hierarchical_actor_true_conditional_route_candidate_score_credit,0,9,36,38,402,0.5234375,0.5234375,-0.048725444823503494,0.9819723963737488,0.01703002117574215,-0.6777598857879639,-0.696575939655304,0.9896038174629211,0.018816092982888222,0.049751244485378265,0.08379948066610324,0.051860168019216904,0.0,0.0,0.0,1.0,0.04661246158528994,1.0,0.08379948066610324,0.051860168019216904,1.0,0.035805290858711085
hierarchical_actor_true_conditional_route_candidate_score_credit,0,9,37,39,392,0.5104166865348816,0.5104166865348816,-0.023041710257530212,0.9536820650100708,-0.001373101957142353,-0.6640996932983398,-0.6870300769805908,0.9842230081558228,0.022930288687348366,0.030612245202064514,0.07210302717871213,0.0639047790507128,0.0,0.0,0.0,1.0,0.04049913953721444,1.0,0.07210302717871213,0.0639047790507128,1.0,0.03188891242499952
hierarchical_actor_true_conditional_route_candidate_score_credit,0,9,38,40,383,0.4986979067325592,0.4986979067325592,0.008329453878104687,0.9847012162208557,-0.04260577633976936,-0.6784611344337463,-0.6918330788612366,0.9940920472145081,0.013371898792684078,0.044386424124240875,0.10364167005013049,0.0800681001079189,0.0,0.0,0.0,1.0,0.03886870836163267,1.0,0.10364167005013049,0.0800681001079189,1.0,0.03129819168777751
hierarchical_actor_true_conditional_route_candidate_score_credit,0,9,39,41,48,0.5,0.5,-0.04397296532988548,0.9717539548873901,0.017779069021344185,-0.6662229895591736,-0.6799127459526062,0.9930972456932068,0.013689766637980938,0.02083333395421505,0.27163803285842375,0.21278044552023323,0.0,0.0,0.0,1.0,0.05660425866731073,1.0,0.27163803285842375,0.21278044552023323,1.0,0.037708247727438075
hierarchical_actor_true_conditional_route_candidate_score_credit,1,0,0,2,392,0.5104166865348816,0.5104166865348816,0.014836720190942287,0.9566582441329956,-0.015510888770222664,-0.6503511667251587,-0.650343120098114,1.000008225440979,-8.016140782274306e-06,0.0,0.12166354061414558,0.14774266187894328,0.0,0.0,0.0,1.0,0.06733419713098297,1.0,0.12166354061414558,0.14774266187894328,1.0,0.054807873220814936
hierarchical_actor_true_conditional_route_candidate_score_credit,1,0,1,3,389,0.5065104365348816,0.5065104365348816,-0.029163260012865067,0.944301962852478,0.028868600726127625,-0.6536847352981567,-0.6539150476455688,0.9998047351837158,0.00023028613941278309,0.0,0.12657133964350709,0.14768799053818255,0.0,0.0,0.0,1.0,0.06675035348919948,1.0,0.12657133964350709,0.14768799053818255,1.0,0.05716342723502535
hierarchical_actor_true_conditional_route_candidate_score_credit,1,0,2,4,386,0.5026041865348816,0.5026041865348816,0.08635790646076202,0.9612026214599609,-0.09092854708433151,-0.6589266061782837,-0.6588774919509888,1.0001606941223145,-4.9158545152749866e-05,0.0,0.18446678023806568,0.16753531194956167,0.0,0.0,0.0,1.0,0.06977446384951036,1.0,0.18446678023806568,0.16753531194956167,1.0,0.05613745691704005
hierarchical_actor_true_conditional_route_candidate_score_credit,1,0,3,5,55,0.5729166865348816,0.5729166865348816,-0.04565109685063362,0.9586719274520874,0.03232831135392189,-0.6533326506614685,-0.648605227470398,1.005387306213379,-0.0047274501994252205,0.0,0.26926899726345505,0.4776201899929022,0.0,0.0,0.0,1.0,0.0828146781595204,1.0,0.26926899726345505,0.4776201899929022,1.0,0.0696542132603746
hierarchical_actor_true_conditional_route_candidate_score_credit,1,1,4,6,393,0.51171875,0.51171875,0.08128923922777176,0.9610587954521179,-0.10916385799646378,-0.6581206321716309,-0.6592822670936584,1.000163197517395,0.0011616344563663006,0.0025445292703807354,0.16066478620384295,0.16964073775176042,0.0,0.0,0.0,1.0,0.08556485142758856,1.0,0.16066478620384295,0.16964073775176042,1.0,0.06933142084321775
hierarchical_actor_true_conditional_route_candidate_score_credit,1,1,5,7,390,0.5078125,0.5078125,-0.03891770914196968,0.9425698518753052,0.010908998548984528,-0.6524478793144226,-0.6567473411560059,0.9979573488235474,0.004299437161535025,0.01794871874153614,0.11746931141599483,0.14098923869288912,0.0,0.0,0.0,1.0,0.08080374606355545,1.0,0.11746931141599483,0.14098923869288912,1.0,0.06637589714915115
hierarchical_actor_true_conditional_route_candidate_score_credit,1,1,6,8,393,0.51171875,0.51171875,0.012609850615262985,0.960312008857727,-0.03602144867181778,-0.6540154814720154,-0.6578046679496765,0.9986246228218079,0.0037891853135079145,0.01272264588624239,0.11454769849152098,0.1425784102350944,0.0,0.0,0.0,1.0,0.07487481584008593,1.0,0.11454769849152098,0.1425784102350944,1.0,0.061650233623900035
hierarchical_actor_true_conditional_route_candidate_score_credit,1,1,7,9,46,0.4791666567325592,0.4791666567325592,0.07761719077825546,0.9416389465332031,-0.12583224475383759,-0.6386041045188904,-0.6208174824714661,1.021421194076538,-0.01778654381632805,0.0,0.3487663224115836,0.39571827343177324,0.0,0.0,0.0,1.0,0.08321588953929628,1.0,0.3487663224115836,0.39571827343177324,1.0,0.06731941385545662
hierarchical_actor_true_conditional_route_candidate_score_credit,1,2,8,10,389,0.5065104365348816,0.5065104365348816,0.0890377089381218,0.9565973877906799,-0.12818418443202972,-0.6545147895812988,-0.6533610820770264,1.0067789554595947,-0.001153688644990325,0.07197943329811096,0.10237344103307082,0.13056298571534292,0.0,0.0,0.0,1.0,0.07716435421659779,1.0,0.10237344103307082,0.13056298571534292,1.0,0.06430659601083916
hierarchical_actor_true_conditional_route_candidate_score_credit,1,2,9,11,401,0.5221354365348816,0.5221354365348816,-0.05068803206086159,0.9632145762443542,-0.0011961935088038445,-0.6580753326416016,-0.6790329813957214,0.9864325523376465,0.02095770463347435,0.08977556228637695,0.1257579747102847,0.1364159117965718,0.0,0.0,0.0,1.0,0.07227756265992953,1.0,0.1257579747102847,0.1364159117965718,1.0,0.060587118731416305
hierarchical_actor_true_conditional_route_candidate_score_credit,1,2,10,12,387,0.50390625,0.50390625,-0.008863208815455437,0.9390221834182739,-0.04494258388876915,-0.6483591198921204,-0.6664859056472778,0.9916444420814514,0.018126768991351128,0.16020672023296356,0.1243763783336077,0.1240341626412143,0.0,0.0,0.0,1.0,0.0647762949337988,1.0,0.1243763783336077,0.1240341626412143,1.0,0.05712294193110006
hierarchical_actor_true_conditional_route_candidate_score_credit,1,2,11,13,45,0.46875,0.46875,0.3203362226486206,0.921438992023468,-0.42526695132255554,-0.6686786413192749,-0.6250191330909729,1.063791036605835,-0.043659500777721405,0.2666666805744171,0.23672995677270584,0.26662976369818964,0.0,0.0,0.0,1.0,0.07195023669110563,1.0,0.23672995677270584,0.26662976369818964,1.0,0.06702910725145778
hierarchical_actor_true_conditional_route_candidate_score_credit,1,3,12,14,400,0.5208333134651184,0.5208333134651184,0.05965818464756012,0.9676730632781982,-0.140318363904953,-0.6630306243896484,-0.672990620136261,1.0051295757293701,0.00995989702641964,0.26750001311302185,0.1093890837133958,0.12471717097465204,0.0,0.0,0.0,1.0,0.06770218137136806,1.0,0.1093890837133958,0.12471717097465204,1.0,0.06312159802672576
hierarchical_actor_true_conditional_route_candidate_score_credit,1,3,13,15,391,0.5091145634651184,0.5091145634651184,0.0555996336042881,0.961932361125946,-0.11969602853059769,-0.6572118401527405,-0.6708651185035706,0.9982855319976807,0.013653259724378586,0.19181585311889648,0.09894921347057214,0.12792744878087092,0.0,0.0,0.0,1.0,0.06288509930921127,1.0,0.09894921347057214,0.12792744878087092,1.0,0.058178770646073345
hierarchical_actor_true_conditional_route_candidate_score_credit,1,3,14,16,381,0.49609375,0.49609375,-0.021434564143419266,0.9337242245674133,-0.027187490835785866,-0.6436653137207031,-0.6641836762428284,0.9920712113380432,0.02051839977502823,0.19947506487369537,0.0995701060093403,0.12489569521878431,0.0,0.0,0.0,1.0,0.05721272290980715,1.0,0.0995701060093403,0.12489569521878431,1.0,0.05469424105575053
hierarchical_actor_true_conditional_route_candidate_score_credit,1,3,15,17,50,0.5208333134651184,0.5208333134651184,-0.2428266853094101,0.9158234596252441,0.18775072693824768,-0.6416282057762146,-0.7058947086334229,0.9460378289222717,0.06426645815372467,0.18000000715255737,0.2701581919009542,0.3964902169156975,0.0,0.0,0.0,1.0,0.06808643794298783,1.0,0.2701581919009542,0.3964902169156975,1.0,0.0622521825957205
hierarchical_actor_true_conditional_route_candidate_score_credit,1,4,16,18,387,0.50390625,0.50390625,-0.03673908859491348,0.9649582505226135,-0.041695136576890945,-0.6593134999275208,-0.7059572339057922,0.9696967005729675,0.04664367437362671,0.2971576154232025,0.09213938052298497,0.1249982014086606,0.0,0.0,0.0,1.0,0.06473619223117305,1.0,0.09213938052298497,0.1249982014086606,1.0,0.058271856139867094
hierarchical_actor_true_conditional_route_candidate_score_credit,1,4,17,19,386,0.5026041865348816,0.5026041865348816,0.04000101238489151,0.960433304309845,-0.11556737124919891,-0.6548589468002319,-0.6649783253669739,1.0060193538665771,0.010119366459548473,0.2849740982055664,0.10682017310982365,0.12201558595649421,0.0,0.0,0.0,1.0,0.05963911959331192,1.0,0.10682017310982365,0.12201558595649421,1.0,0.053232897031082076
hierarchical_actor_true_conditional_route_candidate_score_credit,1,4,18,20,394,0.5130208134651184,0.5130208134651184,0.05082198232412338,0.9423004388809204,-0.12726210057735443,-0.6524267792701721,-0.6537521481513977,1.0140888690948486,0.0013253171928226948,0.27157360315322876,0.1007103185922378,0.125607509593844,0.0,0.0,0.0,1.0,0.054224985109421045,1.0,0.1007103185922378,0.125607509593844,1.0,0.04867460779237107
hierarchical_actor_true_conditional_route_candidate_score_credit,1,4,19,21,55,0.5729166865348816,0.5729166865348816,0.07361099869012833,0.9293796420097351,-0.16150587797164917,-0.6275262236595154,-0.653905987739563,0.9895418286323547,0.0263796616345644,0.23636363446712494,0.3137989837394878,0.27695642847457885,0.0,0.0,0.0,1.0,0.05971175052500073,1.0,0.3137989837394878,0.27695642847457885,1.0,0.055853926373945546
hierarchical_actor_true_conditional_route_candidate_score_credit,1,5,20,22,400,0.5208333134651184,0.5208333134651184,0.018315402790904045,0.9577670693397522,-0.10309769213199615,-0.6515982747077942,-0.6599687337875366,1.0087722539901733,0.008370466530323029,0.30000001192092896,0.11066216465319902,0.13022421611288582,0.0,0.0,0.0,1.0,0.05581305173773637,1.0,0.11066216465319902,0.13022421611288582,1.0,0.05121976837549474
hierarchical_actor_true_conditional_route_candidate_score_credit,1,5,21,23,381,0.49609375,0.49609375,0.0008274113642983139,0.9580882787704468,-0.09183833748102188,-0.6669759154319763,-0.6980270147323608,0.9889046549797058,0.03105119988322258,0.33595800399780273,0.09579579217426838,0.12249987329562513,0.0,0.0,0.0,1.0,0.05014871676529534,1.0,0.09579579217426838,0.12249987329562513,1.0,0.04743906222906704
hierarchical_actor_true_conditional_route_candidate_score_credit,1,5,22,24,396,0.515625,0.515625,0.03817832097411156,0.9536108374595642,-0.126448854804039,-0.6482928395271301,-0.6704047322273254,0.9942463040351868,0.022111980244517326,0.280303031206131,0.09277550498782616,0.12207706855981813,0.0,0.0,0.0,1.0,0.04713238629346361,1.0,0.09277550498782616,0.12207706855981813,1.0,0.044201922801943926
hierarchical_actor_true_conditional_route_candidate_score_credit,1,5,23,25,45,0.46875,0.46875,0.05632904917001724,0.9260657429695129,-0.17102083563804626,-0.6226427555084229,-0.6529737114906311,0.9884748458862305,0.030330976471304893,0.31111112236976624,0.25839904723001333,0.36697775571953006,0.0,0.0,0.0,1.0,0.05903978201843169,1.0,0.25839904723001333,0.36697775571953006,1.0,0.054624888834278074
hierarchical_actor_true_conditional_route_candidate_score_credit,1,6,24,26,388,0.5052083134651184,0.5052083134651184,0.02579212188720703,0.9557091593742371,-0.12144091725349426,-0.649905800819397,-0.6691106557846069,0.9999608993530273,0.019204765558242798,0.34020617604255676,0.08082838659719654,0.10922796085193533,0.0,0.0,0.0,1.0,0.053202188067464115,1.0,0.08082838659719654,0.10922796085193533,1.0,0.048933290847511614
hierarchical_actor_true_conditional_route_candidate_score_credit,1,6,25,27,392,0.5104166865348816,0.5104166865348816,0.007808093447238207,0.9677740931510925,-0.10267177224159241,-0.6613748669624329,-0.6867373585700989,0.9976450800895691,0.025362584739923477,0.3520408272743225,0.09427729038127979,0.12908937478974514,0.0,0.0,0.0,1.0,0.04978293369835865,1.0,0.09427729038127979,0.12908937478974514,1.0,0.04465058439466118
hierarchical_actor_true_conditional_route_candidate_score_credit,1,6,26,28,392,0.5104166865348816,0.5104166865348816,0.03508377820253372,0.940665066242218,-0.139677494764328,-0.6502029895782471,-0.6723337769508362,0.9968604445457458,0.0221308171749115,0.34948980808258057,0.0960776734328833,0.11620471010161991,0.0,0.0,0.0,1.0,0.046334723894425105,1.0,0.0960776734328833,0.11620471010161991,1.0,0.04077641300338151
hierarchical_actor_true_conditional_route_candidate_score_credit,1,6,27,29,50,0.5208333134651184,0.5208333134651184,-0.030522551387548447,0.9696584343910217,-0.07800488919019699,-0.6639606952667236,-0.6981034278869629,0.9868834018707275,0.03414266183972359,0.3799999952316284,0.26433914447866086,0.4352436289272586,0.0,0.0,0.0,1.0,0.05907666043799693,1.0,0.26433914447866086,0.4352436289272586,1.0,0.04902608472411231
hierarchical_actor_true_conditional_route_candidate_score_credit,1,7,28,30,397,0.5169270634651184,0.5169270634651184,-0.008059344254434109,0.9432802796363831,-0.07318742573261261,-0.6519426107406616,-0.6774402856826782,0.992948055267334,0.025497745722532272,0.3073047995567322,0.08475154476012828,0.14135749912263218,0.0,0.0,0.0,1.0,0.052796463176160345,1.0,0.08475154476012828,0.14135749912263218,1.0,0.044100298810115596
hierarchical_actor_true_conditional_route_candidate_score_credit,1,7,29,31,384,0.5,0.5,0.04131598398089409,0.9622707962989807,-0.15510688722133636,-0.6569645404815674,-0.6780604720115662,1.0026882886886597,0.02109592594206333,0.4192708432674408,0.11225507832405851,0.12090878288728346,0.0,0.0,0.0,1.0,0.0492342158628815,1.0,0.11225507832405851,0.12090878288728346,1.0,0.0404147569959655
hierarchical_actor_true_conditional_route_candidate_score_credit,1,7,30,32,394,0.5130208134651184,0.5130208134651184,-0.0011820986401289701,0.9601247906684875,-0.1274453103542328,-0.6537785530090332,-0.6844014525413513,0.9941751956939697,0.03062307834625244,0.4289340078830719,0.09327925284655315,0.11708308446592343,0.0,0.0,0.0,1.0,0.04442371487973002,1.0,0.09327925284655315,0.11708308446592343,1.0,0.03730450376039425
hierarchical_actor_true_conditional_route_candidate_score_credit,1,7,31,33,47,0.4895833432674408,0.4895833432674408,0.27861273288726807,0.9210371971130371,-0.3814123272895813,-0.6556532979011536,-0.6842554211616516,1.0136430263519287,0.028602153062820435,0.6595744490623474,0.23495063749002784,0.29333951388627644,0.0,0.0,0.0,1.0,0.049278204273146824,1.0,0.23495063749002784,0.29333951388627644,1.0,0.044803494045197845
hierarchical_actor_true_conditional_route_candidate_score_credit,1,8,32,34,402,0.5234375,0.5234375,0.006990022491663694,0.9624593257904053,-0.11979100108146667,-0.6562654972076416,-0.6875525116920471,0.9945497512817383,0.03128697723150253,0.44029849767684937,0.10101652788550022,0.12433596358255788,0.0,0.0,0.0,1.0,0.04550552630686072,1.0,0.10101652788550022,0.12433596358255788,1.0,0.04067874459041073
hierarchical_actor_true_conditional_route_candidate_score_credit,1,8,33,35,386,0.5026041865348816,0.5026041865348816,0.03143733739852905,0.9552583694458008,-0.15466730296611786,-0.6645107865333557,-0.687369167804718,1.0027270317077637,0.022858377546072006,0.43523314595222473,0.09379198250915619,0.12317079448867828,0.0,0.0,0.0,1.0,0.04412613129036216,1.0,0.09379198250915619,0.12317079448867828,1.0,0.03760934806037402
hierarchical_actor_true_conditional_route_candidate_score_credit,1,8,34,36,387,0.50390625,0.50390625,0.01994122937321663,0.9438655376434326,-0.13174819946289062,-0.638138473033905,-0.6609551310539246,1.0003414154052734,0.022816713899374008,0.41085270047187805,0.09660216671379837,0.12220734941322109,0.0,0.0,0.0,1.0,0.040116005365089975,1.0,0.09660216671379837,0.12220734941322109,1.0,0.0346233984146964
hierarchical_actor_true_conditional_route_candidate_score_credit,1,8,35,37,47,0.4895833432674408,0.4895833432674408,0.0560164712369442,0.9906802773475647,-0.17008619010448456,-0.6855430006980896,-0.7326808571815491,0.979204535484314,0.04713790491223335,0.40425533056259155,0.3147482729563253,0.3934212853158116,0.0,0.0,0.0,1.0,0.054553936951510236,1.0,0.3147482729563253,0.3934212853158116,1.0,0.04483281513135536
hierarchical_actor_true_conditional_route_candidate_score_credit,1,9,36,38,383,0.4986979067325592,0.4986979067325592,0.04319526255130768,0.9666147828102112,-0.17327885329723358,-0.6612555384635925,-0.6865749359130859,1.0031753778457642,0.0253194198012352,0.4934725761413574,0.08511977793130072,0.11991777574995585,0.0,0.0,0.0,1.0,0.04809645493282635,1.0,0.08511977793130072,0.11991777574995585,1.0,0.04008505675708651
hierarchical_actor_true_conditional_route_candidate_score_credit,1,9,37,39,399,0.51953125,0.51953125,0.018657086417078972,0.9624061584472656,-0.15259809792041779,-0.6562842726707458,-0.680913507938385,1.0021662712097168,0.02462925761938095,0.451127827167511,0.09347580442413626,0.11703561115288344,0.0,0.0,0.0,1.0,0.04456377201890727,1.0,0.09347580442413626,0.11703561115288344,1.0,0.036768505806124514
hierarchical_actor_true_conditional_route_candidate_score_credit,1,9,38,40,393,0.51171875,0.51171875,0.007191837765276432,0.9350307583808899,-0.11479224264621735,-0.6441347002983093,-0.671643078327179,0.9971262812614441,0.0275083240121603,0.442748099565506,0.10132200755907056,0.13706712420807568,0.0,0.0,0.0,1.0,0.03979815824133476,1.0,0.10132200755907056,0.13706712420807568,1.0,0.03351967482499942
hierarchical_actor_true_conditional_route_candidate_score_credit,1,9,39,41,47,0.4895833432674408,0.4895833432674408,-0.032330289483070374,0.9706771373748779,-0.07635896652936935,-0.6646118760108948,-0.7011173367500305,0.9841721057891846,0.036505408585071564,0.38297873735427856,0.2672866758112223,0.37889604024376,0.0,0.0,0.0,1.0,0.05421685121904856,1.0,0.2672866758112223,0.37889604024376,1.0,0.04371948792021349
