epoch,ratio_mean,ratio_std,ratio_min,ratio_max,clip_fraction,positive_adv_clip_fraction,negative_adv_clip_fraction,approx_kl,entropy_loss,policy_loss,ratio_by_adv_sign
0,0.9813900589942932,0.04139138385653496,0.8656061291694641,1.1139247417449951,0.0,0.0,0.0,0.019677776843309402,-0.030163580551743507,0.00017696298891678452,"{""negative"": {""count"": 200, ""max"": 1.1139247417449951, ""mean"": 0.9813900589942932, ""min"": 0.8656061291694641, ""std"": 0.04139138385653496}, ""positive"": {""count"": 0, ""max"": 0.0, ""mean"": 0.0, ""min"": 0.0, ""std"": 0.0}}"
1,0.98416668176651,0.06512000411748886,0.7676740288734436,1.1651898622512817,0.004999999888241291,0.0,0.005235602147877216,0.018171850591897964,-0.030163580551743507,0.007757049985229969,"{""negative"": {""count"": 191, ""max"": 1.1651898622512817, ""mean"": 0.9866288304328918, ""min"": 0.7676740288734436, ""std"": 0.06484637409448624}, ""positive"": {""count"": 9, ""max"": 1.0285853147506714, ""mean"": 0.9319144487380981, ""min"": 0.8605415225028992, ""std"": 0.04622109979391098}}"
2,1.0327602624893188,0.07208400219678879,0.8479428291320801,1.2237521409988403,0.004999999888241291,0.0,0.005376344081014395,-0.029780300334095955,-0.030163580551743507,0.0097365602850914,"{""negative"": {""count"": 186, ""max"": 1.2237521409988403, ""mean"": 1.0331891775131226, ""min"": 0.8479428291320801, ""std"": 0.0714440569281578}, ""positive"": {""count"": 14, ""max"": 1.122536540031433, ""mean"": 1.0270622968673706, ""min"": 0.8548983335494995, ""std"": 0.07988414913415909}}"
3,1.0305404663085938,0.07968565821647644,0.7450203895568848,1.1796038150787354,0.004999999888241291,0.05263157933950424,0.0,-0.02697872184216976,-0.030163580551743507,0.00756292138248682,"{""negative"": {""count"": 181, ""max"": 1.1796038150787354, ""mean"": 1.0307835340499878, ""min"": 0.8368303775787354, ""std"": 0.07704499363899231}, ""positive"": {""count"": 19, ""max"": 1.139772891998291, ""mean"": 1.0282251834869385, ""min"": 0.7450203895568848, ""std"": 0.10142266005277634}}"
4,1.0571991205215454,0.06314951926469803,0.9049144983291626,1.2323932647705078,0.009999999776482582,0.0,0.011976048350334167,-0.05382660776376724,-0.030163580551743507,0.0052064815536141396,"{""negative"": {""count"": 167, ""max"": 1.2323932647705078, ""mean"": 1.058121919631958, ""min"": 0.9049144983291626, ""std"": 0.06414493173360825}, ""positive"": {""count"": 33, ""max"": 1.1892236471176147, ""mean"": 1.0525298118591309, ""min"": 0.9333449006080627, ""std"": 0.05762394517660141}}"
5,1.0398331880569458,0.046738144010305405,0.8692961931228638,1.1595536470413208,0.0,0.0,0.0,-0.038036663085222244,-0.030163580551743507,0.012897773645818233,"{""negative"": {""count"": 171, ""max"": 1.153039574623108, ""mean"": 1.037437081336975, ""min"": 0.8692961931228638, ""std"": 0.04709308594465256}, ""positive"": {""count"": 29, ""max"": 1.1595536470413208, ""mean"": 1.0539627075195312, ""min"": 0.9278661012649536, ""std"": 0.0418875627219677}}"
6,1.013856053352356,0.041703324764966965,0.8911262154579163,1.1254208087921143,0.0,0.0,0.0,-0.012911162339150906,-0.030163580551743507,0.018208244815468788,"{""negative"": {""count"": 162, ""max"": 1.1254208087921143, ""mean"": 1.0140454769134521, ""min"": 0.8911262154579163, ""std"": 0.04255083575844765}, ""positive"": {""count"": 38, ""max"": 1.0965847969055176, ""mean"": 1.0130484104156494, ""min"": 0.9461838006973267, ""std"": 0.0378674641251564}}"
7,1.0228984355926514,0.036736126989126205,0.9211815595626831,1.1592549085617065,0.0,0.0,0.0,-0.021997226402163506,-0.030163580551743507,0.010820583440363407,"{""negative"": {""count"": 149, ""max"": 1.1592549085617065, ""mean"": 1.0206108093261719, ""min"": 0.9211815595626831, ""std"": 0.035056523978710175}, ""positive"": {""count"": 51, ""max"": 1.1294372081756592, ""mean"": 1.0295820236206055, ""min"": 0.9524621367454529, ""std"": 0.040520038455724716}}"
8,1.015163540840149,0.03668598830699921,0.7632671594619751,1.0997614860534668,0.004999999888241291,0.0,0.007633587811142206,-0.014361154288053513,-0.030163580551743507,0.0031709889881312847,"{""negative"": {""count"": 131, ""max"": 1.0997614860534668, ""mean"": 1.0124902725219727, ""min"": 0.7632671594619751, ""std"": 0.03989298269152641}, ""positive"": {""count"": 69, ""max"": 1.0813400745391846, ""mean"": 1.0202388763427734, ""min"": 0.9377264380455017, ""std"": 0.02898751199245453}}"
9,1.0125598907470703,0.03726750984787941,0.9002650380134583,1.1034646034240723,0.0,0.0,0.0,-0.01179825235158205,-0.030163580551743507,0.010710825212299824,"{""negative"": {""count"": 116, ""max"": 1.0915724039077759, ""mean"": 1.0036357641220093, ""min"": 0.9002650380134583, ""std"": 0.03743702545762062}, ""positive"": {""count"": 84, ""max"": 1.1034646034240723, ""mean"": 1.0248836278915405, ""min"": 0.9498717188835144, ""std"": 0.033309489488601685}}"
10,1.0143641233444214,0.040832068771123886,0.8922958374023438,1.1586050987243652,0.0,0.0,0.0,-0.013450592756271362,-0.030163580551743507,0.01252718549221754,"{""negative"": {""count"": 141, ""max"": 1.1586050987243652, ""mean"": 1.0162417888641357, ""min"": 0.8922958374023438, ""std"": 0.04167599603533745}, ""positive"": {""count"": 59, ""max"": 1.1408334970474243, ""mean"": 1.0098768472671509, ""min"": 0.9207510352134705, ""std"": 0.03837046027183533}}"
11,1.0057960748672485,0.03960972651839256,0.8708406090736389,1.1820306777954102,0.0,0.0,0.0,-0.00500106206163764,-0.030163580551743507,0.007325226441025734,"{""negative"": {""count"": 134, ""max"": 1.1820306777954102, ""mean"": 1.0075452327728271, ""min"": 0.8708406090736389, ""std"": 0.04217217117547989}, ""positive"": {""count"": 66, ""max"": 1.0689847469329834, ""mean"": 1.0022451877593994, ""min"": 0.9223399758338928, ""std"": 0.03353557735681534}}"
