block_index,block_start,block_stop_exclusive,block_size,block_semantic,policy_surrogate_mode,block_value_score_mean,block_value_score_std,block_value_score_max,block_value_score_min,block_value_scale_mean,block_value_scale_std,block_value_scale_max,block_value_scale_min,block_clip_fraction,per_block_selected_action_prob_gain_mean,per_block_selected_action_prob_gain_std,epoch
0,0,3,3,dispatch_decision_block,hierarchical_actor_joint_reward_aligned_credit,0.07735840231180191,0.13401494920253754,0.3595409393310547,-0.2259785532951355,1.0,0.0,1.0,1.0,0.4399999976158142,-0.08105761557817459,0.5600998401641846,0
1,3,6,3,dispatch_decision_block,hierarchical_actor_joint_reward_aligned_credit,-0.19143588840961456,0.14947013556957245,0.3104161322116852,-0.6515305042266846,1.0,0.0,1.0,1.0,0.25,-0.19564376771450043,0.4125868082046509,0
2,6,9,3,dispatch_decision_block,hierarchical_actor_joint_reward_aligned_credit,0.10233177989721298,0.1560463160276413,0.5078873038291931,-0.4197724461555481,1.0,0.0,1.0,1.0,1.0,-0.2948065996170044,0.595772922039032,0
3,9,12,3,dispatch_decision_block,hierarchical_actor_joint_reward_aligned_credit,-0.03819812834262848,0.12257983535528183,0.22522172331809998,-0.420401006937027,1.0,0.0,1.0,1.0,0.41999998688697815,-0.11110304296016693,0.5078969597816467,0
4,12,15,3,dispatch_decision_block,hierarchical_actor_joint_reward_aligned_credit,0.12083404511213303,0.1362878531217575,0.513056755065918,-0.35130754113197327,1.0,0.0,1.0,1.0,0.3499999940395355,-0.1529068946838379,0.4160623550415039,0
5,15,18,3,dispatch_decision_block,hierarchical_actor_joint_reward_aligned_credit,0.16203947365283966,0.12044831365346909,0.4727538228034973,-0.19358204305171967,1.0,0.0,1.0,1.0,0.9300000071525574,-0.1948537826538086,0.5565705299377441,0
6,18,21,3,dispatch_decision_block,hierarchical_actor_joint_reward_aligned_credit,0.4259801506996155,0.1642978936433792,0.8499006032943726,-0.18582656979560852,1.0,0.0,1.0,1.0,0.8799999952316284,-0.09592325985431671,0.5991319417953491,0
7,21,24,3,dispatch_decision_block,hierarchical_actor_joint_reward_aligned_credit,-0.13031283020973206,0.12633690237998962,0.38047298789024353,-0.31832706928253174,1.0,0.0,1.0,1.0,0.2199999988079071,-0.10968465358018875,0.5690319538116455,0
8,24,27,3,dispatch_decision_block,hierarchical_actor_joint_reward_aligned_credit,0.08946628123521805,0.14133667945861816,0.4591776728630066,-0.3830689787864685,1.0,0.0,1.0,1.0,0.6699999570846558,-0.18816423416137695,0.5661978125572205,0
9,27,30,3,dispatch_decision_block,hierarchical_actor_joint_reward_aligned_credit,-0.20500591397285461,0.15955588221549988,0.43256065249443054,-0.5448574423789978,1.0,0.0,1.0,1.0,0.2800000011920929,-0.13990439474582672,0.585726797580719,0
10,30,33,3,dispatch_decision_block,hierarchical_actor_joint_reward_aligned_credit,-0.27940985560417175,0.14072881639003754,0.21442484855651855,-0.6313384771347046,1.0,0.0,1.0,1.0,0.07999999821186066,-0.13541708886623383,0.42732322216033936,0
11,33,36,3,dispatch_decision_block,hierarchical_actor_joint_reward_aligned_credit,-0.17570137977600098,0.15617692470550537,0.4228690266609192,-0.4422374665737152,1.0,0.0,1.0,1.0,1.0,-0.18391384184360504,0.5398023724555969,0
12,36,39,3,dispatch_decision_block,hierarchical_actor_joint_reward_aligned_credit,-0.3652077317237854,0.13455958664417267,0.013734430074691772,-0.6763374209403992,1.0,0.0,1.0,1.0,0.9199999570846558,-0.15466265380382538,0.5116630792617798,0
13,39,42,3,dispatch_decision_block,hierarchical_actor_joint_reward_aligned_credit,-0.0735430121421814,0.14597997069358826,0.43093836307525635,-0.5150868892669678,1.0,0.0,1.0,1.0,0.0,-0.05222431570291519,0.4253065288066864,0
14,42,45,3,dispatch_decision_block,hierarchical_actor_joint_reward_aligned_credit,0.23319190740585327,0.1494896411895752,0.5322487354278564,-0.3207218050956726,1.0,0.0,1.0,1.0,0.85999995470047,-0.16083963215351105,0.5124977231025696,0
15,45,48,3,dispatch_decision_block,hierarchical_actor_joint_reward_aligned_credit,0.22522710263729095,0.11994514614343643,0.5546437501907349,-0.018262863159179688,1.0,0.0,1.0,1.0,0.2199999988079071,-0.07728273421525955,0.5533522367477417,0
16,48,51,3,dispatch_decision_block,hierarchical_actor_joint_reward_aligned_credit,0.1138656958937645,0.10513756424188614,0.3741212487220764,-0.1459934264421463,1.0,0.0,1.0,1.0,0.05999999865889549,-0.06223752722144127,0.3680756688117981,0
17,51,54,3,dispatch_decision_block,hierarchical_actor_joint_reward_aligned_credit,-0.034842994064092636,0.1464618742465973,0.4024372100830078,-0.39035090804100037,1.0,0.0,1.0,1.0,0.8899999856948853,-0.1550152748823166,0.5667331218719482,0
18,54,57,3,dispatch_decision_block,hierarchical_actor_joint_reward_aligned_credit,-0.5306134223937988,0.2056857943534851,0.18810226023197174,-0.8812848925590515,1.0,0.0,1.0,1.0,0.0,-0.022678334265947342,0.27113139629364014,0
19,57,60,3,dispatch_decision_block,hierarchical_actor_joint_reward_aligned_credit,0.11907107383012772,0.10066878795623779,0.36531394720077515,-0.1516071856021881,1.0,0.0,1.0,1.0,0.0,0.004744572564959526,0.28861021995544434,0
20,60,63,3,dispatch_decision_block,hierarchical_actor_joint_reward_aligned_credit,0.03222288563847542,0.11458980292081833,0.46265268325805664,-0.3163084387779236,1.0,0.0,1.0,1.0,1.0,-0.24500422179698944,0.5302426218986511,0
21,63,66,3,dispatch_decision_block,hierarchical_actor_joint_reward_aligned_credit,-0.27821779251098633,0.15200117230415344,0.22854435443878174,-0.6015716791152954,1.0,0.0,1.0,1.0,0.14999999105930328,-0.15949250757694244,0.4350670576095581,0
22,66,69,3,dispatch_decision_block,hierarchical_actor_joint_reward_aligned_credit,-0.01638723723590374,0.13617952167987823,0.3752055764198303,-0.41211315989494324,1.0,0.0,1.0,1.0,0.03999999910593033,-0.12610994279384613,0.46429479122161865,0
23,69,72,3,dispatch_decision_block,hierarchical_actor_joint_reward_aligned_credit,0.1862531304359436,0.12788879871368408,0.48003992438316345,-0.20717090368270874,1.0,0.0,1.0,1.0,0.8299999833106995,-0.2095392942428589,0.5127821564674377,0
0,0,3,3,dispatch_decision_block,hierarchical_actor_joint_reward_aligned_credit,-0.03293105214834213,0.10943922400474548,0.4268207252025604,-0.23056714236736298,1.0,0.0,1.0,1.0,0.550000011920929,-0.21024900674819946,0.5536206364631653,1
1,3,6,3,dispatch_decision_block,hierarchical_actor_joint_reward_aligned_credit,-0.1124526783823967,0.08502944558858871,0.1090630441904068,-0.4386183023452759,1.0,0.0,1.0,1.0,0.3999999761581421,-0.1222463846206665,0.5431854128837585,1
2,6,9,3,dispatch_decision_block,hierarchical_actor_joint_reward_aligned_credit,0.10626745969057083,0.10220000892877579,0.4369828402996063,-0.23464976251125336,1.0,0.0,1.0,1.0,0.7799999713897705,-0.3868710696697235,0.5821024775505066,1
3,9,12,3,dispatch_decision_block,hierarchical_actor_joint_reward_aligned_credit,-0.09034625440835953,0.10553223639726639,0.38034048676490784,-0.26880955696105957,1.0,0.0,1.0,1.0,0.5699999928474426,-0.15744781494140625,0.5794791579246521,1
4,12,15,3,dispatch_decision_block,hierarchical_actor_joint_reward_aligned_credit,-0.0937928780913353,0.09753476083278656,0.29792600870132446,-0.2841617465019226,1.0,0.0,1.0,1.0,0.3999999761581421,-0.16804176568984985,0.4747142195701599,1
5,15,18,3,dispatch_decision_block,hierarchical_actor_joint_reward_aligned_credit,0.020228490233421326,0.09148215502500534,0.3081263303756714,-0.14427578449249268,1.0,0.0,1.0,1.0,0.7999999523162842,-0.28321129083633423,0.5956303477287292,1
6,18,21,3,dispatch_decision_block,hierarchical_actor_joint_reward_aligned_credit,0.26022806763648987,0.1074366420507431,0.47398918867111206,-0.02855418622493744,1.0,0.0,1.0,1.0,0.6200000047683716,-0.18223264813423157,0.8030825853347778,1
7,21,24,3,dispatch_decision_block,hierarchical_actor_joint_reward_aligned_credit,-0.19504563510417938,0.12243977934122086,0.2952425479888916,-0.3414550721645355,1.0,0.0,1.0,1.0,0.4899999797344208,-0.06827955693006516,0.8890098333358765,1
8,24,27,3,dispatch_decision_block,hierarchical_actor_joint_reward_aligned_credit,0.006226298864930868,0.10008472949266434,0.29780638217926025,-0.2759271264076233,1.0,0.0,1.0,1.0,0.6100000143051147,-0.2782505452632904,0.5685867667198181,1
9,27,30,3,dispatch_decision_block,hierarchical_actor_joint_reward_aligned_credit,-0.14884907007217407,0.08267474919557571,0.25471797585487366,-0.40947455167770386,1.0,0.0,1.0,1.0,0.44999998807907104,-0.34522902965545654,0.4304184019565582,1
10,30,33,3,dispatch_decision_block,hierarchical_actor_joint_reward_aligned_credit,-0.29594719409942627,0.09031888842582703,0.1945718228816986,-0.586965799331665,1.0,0.0,1.0,1.0,0.3499999940395355,-0.15773837268352509,0.5504092574119568,1
11,33,36,3,dispatch_decision_block,hierarchical_actor_joint_reward_aligned_credit,-0.2781791388988495,0.152409166097641,0.1291993111371994,-0.6020230650901794,1.0,0.0,1.0,1.0,0.8199999928474426,-0.3436411917209625,0.7463297843933105,1
12,36,39,3,dispatch_decision_block,hierarchical_actor_joint_reward_aligned_credit,-0.1775384247303009,0.11979277431964874,0.055178239941596985,-0.7155678868293762,1.0,0.0,1.0,1.0,0.6800000071525574,-0.20442630350589752,0.7042927742004395,1
13,39,42,3,dispatch_decision_block,hierarchical_actor_joint_reward_aligned_credit,0.019982025027275085,0.09745697677135468,0.3136809468269348,-0.34535759687423706,1.0,0.0,1.0,1.0,0.2800000011920929,-0.04756444692611694,0.512885570526123,1
14,42,45,3,dispatch_decision_block,hierarchical_actor_joint_reward_aligned_credit,0.3654511868953705,0.16662736237049103,0.6214356422424316,-0.20624177157878876,1.0,0.0,1.0,1.0,0.7599999904632568,-0.33838436007499695,0.6212448477745056,1
15,45,48,3,dispatch_decision_block,hierarchical_actor_joint_reward_aligned_credit,0.2201850414276123,0.10047158598899841,0.46243762969970703,-0.44493281841278076,1.0,0.0,1.0,1.0,0.5799999833106995,-0.14489677548408508,0.5342325568199158,1
16,48,51,3,dispatch_decision_block,hierarchical_actor_joint_reward_aligned_credit,-0.03454430401325226,0.10162709653377533,0.3092346489429474,-0.2718227505683899,1.0,0.0,1.0,1.0,0.2199999988079071,-0.1282002031803131,0.44524526596069336,1
17,51,54,3,dispatch_decision_block,hierarchical_actor_joint_reward_aligned_credit,-0.1638733595609665,0.0722229853272438,0.2581567168235779,-0.42196202278137207,1.0,0.0,1.0,1.0,0.6699999570846558,-0.24115747213363647,0.5063719153404236,1
18,54,57,3,dispatch_decision_block,hierarchical_actor_joint_reward_aligned_credit,-0.6504037380218506,0.1462547332048416,0.11669199168682098,-0.8546848297119141,1.0,0.0,1.0,1.0,0.5,-0.3073045611381531,0.4985480010509491,1
19,57,60,3,dispatch_decision_block,hierarchical_actor_joint_reward_aligned_credit,-0.012498673982918262,0.07499399781227112,0.28627339005470276,-0.3072447180747986,1.0,0.0,1.0,1.0,0.5199999809265137,-0.23904842138290405,0.5739215016365051,1
20,60,63,3,dispatch_decision_block,hierarchical_actor_joint_reward_aligned_credit,0.16480766236782074,0.054996948689222336,0.32922178506851196,0.030476313084363937,1.0,0.0,1.0,1.0,0.7699999809265137,-0.25412628054618835,0.6369807124137878,1
21,63,66,3,dispatch_decision_block,hierarchical_actor_joint_reward_aligned_credit,-0.35873958468437195,0.1192777156829834,0.253762423992157,-0.49292683601379395,1.0,0.0,1.0,1.0,0.3799999952316284,-0.10225380957126617,0.5988364219665527,1
22,66,69,3,dispatch_decision_block,hierarchical_actor_joint_reward_aligned_credit,-0.045291610062122345,0.11396797001361847,0.4582856297492981,-0.3181016743183136,1.0,0.0,1.0,1.0,0.4099999964237213,-0.13314366340637207,0.5205322504043579,1
23,69,72,3,dispatch_decision_block,hierarchical_actor_joint_reward_aligned_credit,0.11652328073978424,0.12123409658670425,0.41933369636535645,-0.22114171087741852,1.0,0.0,1.0,1.0,0.699999988079071,-0.18121680617332458,0.7865773439407349,1
0,0,3,3,dispatch_decision_block,hierarchical_actor_joint_reward_aligned_credit,0.10432647168636322,0.10291262716054916,0.5223992466926575,-0.11319445818662643,1.0,0.0,1.0,1.0,0.429999977350235,-0.24911914765834808,0.5618268847465515,2
1,3,6,3,dispatch_decision_block,hierarchical_actor_joint_reward_aligned_credit,-0.1638680398464203,0.09043923020362854,0.18732714653015137,-0.37650954723358154,1.0,0.0,1.0,1.0,0.22999998927116394,-0.09463531523942947,0.5074838399887085,2
2,6,9,3,dispatch_decision_block,hierarchical_actor_joint_reward_aligned_credit,-0.035764411091804504,0.14095446467399597,0.4208239018917084,-0.4620620608329773,1.0,0.0,1.0,1.0,0.7400000095367432,-0.44240400195121765,0.6275850534439087,2
3,9,12,3,dispatch_decision_block,hierarchical_actor_joint_reward_aligned_credit,-0.18983115255832672,0.08938271552324295,0.16891612112522125,-0.3583345413208008,1.0,0.0,1.0,1.0,0.5199999809265137,-0.1449335217475891,0.7829193472862244,2
4,12,15,3,dispatch_decision_block,hierarchical_actor_joint_reward_aligned_credit,0.026859499514102936,0.07864268869161606,0.2985352873802185,-0.16406619548797607,1.0,0.0,1.0,1.0,0.26999998092651367,-0.14621169865131378,0.43623673915863037,2
5,15,18,3,dispatch_decision_block,hierarchical_actor_joint_reward_aligned_credit,-0.12200575321912766,0.1227637231349945,0.28210997581481934,-0.44566065073013306,1.0,0.0,1.0,1.0,0.6399999856948853,-0.3420265018939972,0.4366975724697113,2
6,18,21,3,dispatch_decision_block,hierarchical_actor_joint_reward_aligned_credit,-0.01754894107580185,0.17134727537631989,0.34807759523391724,-0.5575019717216492,1.0,0.0,1.0,1.0,0.3499999940395355,-0.16731582581996918,0.5574260354042053,2
7,21,24,3,dispatch_decision_block,hierarchical_actor_joint_reward_aligned_credit,0.19492854177951813,0.12200179696083069,0.544978141784668,-0.1329401135444641,1.0,0.0,1.0,1.0,0.32999998331069946,-0.12799228727817535,0.49324825406074524,2
8,24,27,3,dispatch_decision_block,hierarchical_actor_joint_reward_aligned_credit,-0.06440790742635727,0.12821528315544128,0.25638246536254883,-0.461139440536499,1.0,0.0,1.0,1.0,0.699999988079071,-0.3026277720928192,0.5128817558288574,2
9,27,30,3,dispatch_decision_block,hierarchical_actor_joint_reward_aligned_credit,-0.1694483458995819,0.15488862991333008,0.5429208278656006,-0.4264531135559082,1.0,0.0,1.0,1.0,0.32999998331069946,-0.18165090680122375,0.4624444842338562,2
10,30,33,3,dispatch_decision_block,hierarchical_actor_joint_reward_aligned_credit,-0.19242976605892181,0.09108904004096985,0.16991406679153442,-0.3416987657546997,1.0,0.0,1.0,1.0,0.26999998092651367,-0.1681479811668396,0.3875511586666107,2
11,33,36,3,dispatch_decision_block,hierarchical_actor_joint_reward_aligned_credit,-0.41776832938194275,0.22447946667671204,0.34928274154663086,-0.847443163394928,1.0,0.0,1.0,1.0,0.7299999594688416,-0.40874311327934265,0.584858238697052,2
12,36,39,3,dispatch_decision_block,hierarchical_actor_joint_reward_aligned_credit,-0.11639062315225601,0.09650273621082306,0.08703093230724335,-0.46966516971588135,1.0,0.0,1.0,1.0,0.550000011920929,-0.14927050471305847,0.733455240726471,2
13,39,42,3,dispatch_decision_block,hierarchical_actor_joint_reward_aligned_credit,0.12970934808254242,0.08535090833902359,0.2872605323791504,-0.23969468474388123,1.0,0.0,1.0,1.0,0.3799999952316284,-0.15232281386852264,0.4906120300292969,2
14,42,45,3,dispatch_decision_block,hierarchical_actor_joint_reward_aligned_credit,0.14692102372646332,0.08565770834684372,0.2902320623397827,-0.22405359148979187,1.0,0.0,1.0,1.0,0.6800000071525574,-0.27586328983306885,0.5919610261917114,2
15,45,48,3,dispatch_decision_block,hierarchical_actor_joint_reward_aligned_credit,-0.11128684133291245,0.0811910331249237,0.12027169018983841,-0.3632040321826935,1.0,0.0,1.0,1.0,0.44999998807907104,-0.17439480125904083,0.5354660153388977,2
16,48,51,3,dispatch_decision_block,hierarchical_actor_joint_reward_aligned_credit,0.023438500240445137,0.09292351454496384,0.5039396286010742,-0.31344035267829895,1.0,0.0,1.0,1.0,0.3499999940395355,-0.0976925641298294,0.5573633313179016,2
17,51,54,3,dispatch_decision_block,hierarchical_actor_joint_reward_aligned_credit,-0.07043388485908508,0.11605405062437057,0.09829694777727127,-0.5057939887046814,1.0,0.0,1.0,1.0,0.7099999785423279,-0.4074401259422302,0.5384148359298706,2
18,54,57,3,dispatch_decision_block,hierarchical_actor_joint_reward_aligned_credit,-0.1177743598818779,0.11060861498117447,0.30495181679725647,-0.4666748046875,1.0,0.0,1.0,1.0,0.35999998450279236,-0.19183416664600372,0.5915370583534241,2
19,57,60,3,dispatch_decision_block,hierarchical_actor_joint_reward_aligned_credit,-0.05030246078968048,0.08664257824420929,0.30573567748069763,-0.4417101740837097,1.0,0.0,1.0,1.0,0.2199999988079071,-0.07552075386047363,0.46218547224998474,2
20,60,63,3,dispatch_decision_block,hierarchical_actor_joint_reward_aligned_credit,0.2381698489189148,0.10015609115362167,0.46803390979766846,-0.010478638112545013,1.0,0.0,1.0,1.0,0.6499999761581421,-0.2772180438041687,0.5318194627761841,2
21,63,66,3,dispatch_decision_block,hierarchical_actor_joint_reward_aligned_credit,-0.1359601616859436,0.09464038163423538,0.1874963641166687,-0.3502892851829529,1.0,0.0,1.0,1.0,0.3400000035762787,-0.23887722194194794,0.49078065156936646,2
22,66,69,3,dispatch_decision_block,hierarchical_actor_joint_reward_aligned_credit,0.014398298226296902,0.16657134890556335,0.37802472710609436,-0.3688662648200989,1.0,0.0,1.0,1.0,0.25999999046325684,-0.10421914607286453,0.4969734847545624,2
23,69,72,3,dispatch_decision_block,hierarchical_actor_joint_reward_aligned_credit,0.03862551227211952,0.12090091407299042,0.3067312240600586,-0.21458512544631958,1.0,0.0,1.0,1.0,0.5199999809265137,-0.2967764735221863,0.6555452346801758,2
0,0,3,3,dispatch_decision_block,hierarchical_actor_joint_reward_aligned_credit,-0.06183117255568504,0.17320866882801056,0.40602508187294006,-0.4024399220943451,1.0,0.0,1.0,1.0,0.550000011920929,-0.2914615571498871,0.6059200167655945,3
1,3,6,3,dispatch_decision_block,hierarchical_actor_joint_reward_aligned_credit,-0.23518885672092438,0.11214658617973328,0.2769390344619751,-0.46499693393707275,1.0,0.0,1.0,1.0,0.3400000035762787,-0.13528957962989807,0.5134841203689575,3
2,6,9,3,dispatch_decision_block,hierarchical_actor_joint_reward_aligned_credit,-0.3176794648170471,0.1762765645980835,0.34253624081611633,-0.6636033058166504,1.0,0.0,1.0,1.0,0.5799999833106995,-0.4911510646343231,0.5505434274673462,3
3,9,12,3,dispatch_decision_block,hierarchical_actor_joint_reward_aligned_credit,-0.3327743709087372,0.16128844022750854,-0.00432296097278595,-0.8165358901023865,1.0,0.0,1.0,1.0,0.3799999952316284,-0.18511521816253662,0.501409649848938,3
4,12,15,3,dispatch_decision_block,hierarchical_actor_joint_reward_aligned_credit,-0.07507744431495667,0.1326478272676468,0.2617936134338379,-0.38379597663879395,1.0,0.0,1.0,1.0,0.1899999976158142,-0.14342723786830902,0.5743735432624817,3
5,15,18,3,dispatch_decision_block,hierarchical_actor_joint_reward_aligned_credit,-0.23034881055355072,0.1601332575082779,0.23062407970428467,-0.5363223552703857,1.0,0.0,1.0,1.0,0.41999998688697815,-0.31426599621772766,0.43981173634529114,3
6,18,21,3,dispatch_decision_block,hierarchical_actor_joint_reward_aligned_credit,0.09414231777191162,0.1775878667831421,0.5505495667457581,-0.4560200273990631,1.0,0.0,1.0,1.0,0.3199999928474426,-0.1543387621641159,0.4319787621498108,3
7,21,24,3,dispatch_decision_block,hierarchical_actor_joint_reward_aligned_credit,0.13523930311203003,0.20488227903842926,0.5875650644302368,-0.5474254488945007,1.0,0.0,1.0,1.0,0.25,-0.0994071438908577,0.5448750853538513,3
8,24,27,3,dispatch_decision_block,hierarchical_actor_joint_reward_aligned_credit,-0.08864321559667587,0.1764550656080246,0.3611135482788086,-0.526179313659668,1.0,0.0,1.0,1.0,0.4899999797344208,-0.19516678154468536,0.637566328048706,3
9,27,30,3,dispatch_decision_block,hierarchical_actor_joint_reward_aligned_credit,0.03891437128186226,0.16952474415302277,0.504921555519104,-0.6172969937324524,1.0,0.0,1.0,1.0,0.44999998807907104,-0.09395916014909744,0.6377739310264587,3
10,30,33,3,dispatch_decision_block,hierarchical_actor_joint_reward_aligned_credit,0.09483613073825836,0.2059328705072403,0.501175582408905,-0.3519335091114044,1.0,0.0,1.0,1.0,0.2800000011920929,-0.19780342280864716,0.44086599349975586,3
11,33,36,3,dispatch_decision_block,hierarchical_actor_joint_reward_aligned_credit,-0.09208080917596817,0.2978748381137848,0.4779234528541565,-0.8692759871482849,1.0,0.0,1.0,1.0,0.6599999666213989,-0.4325534403324127,0.6746850609779358,3
12,36,39,3,dispatch_decision_block,hierarchical_actor_joint_reward_aligned_credit,-0.00338593777269125,0.08488702028989792,0.22925646603107452,-0.2774794399738312,1.0,0.0,1.0,1.0,0.47999998927116394,-0.20379777252674103,1.1667144298553467,3
13,39,42,3,dispatch_decision_block,hierarchical_actor_joint_reward_aligned_credit,0.1725122481584549,0.07801709324121475,0.444000780582428,-0.017132963985204697,1.0,0.0,1.0,1.0,0.26999998092651367,-0.03290831297636032,0.5014594197273254,3
14,42,45,3,dispatch_decision_block,hierarchical_actor_joint_reward_aligned_credit,0.04088551551103592,0.12919658422470093,0.2839789390563965,-0.32915306091308594,1.0,0.0,1.0,1.0,0.5699999928474426,-0.3405609428882599,0.5517125725746155,3
15,45,48,3,dispatch_decision_block,hierarchical_actor_joint_reward_aligned_credit,-0.24883338809013367,0.09976795315742493,0.12894940376281738,-0.45620742440223694,1.0,0.0,1.0,1.0,0.35999998450279236,-0.2527522146701813,0.5713197588920593,3
16,48,51,3,dispatch_decision_block,hierarchical_actor_joint_reward_aligned_credit,-0.12901470065116882,0.14719223976135254,0.3565064072608948,-0.3975662887096405,1.0,0.0,1.0,1.0,0.23999999463558197,-0.1851654052734375,0.5139008164405823,3
17,51,54,3,dispatch_decision_block,hierarchical_actor_joint_reward_aligned_credit,-0.10985326766967773,0.11624037474393845,0.2784375548362732,-0.5579532980918884,1.0,0.0,1.0,1.0,0.6299999952316284,-0.30993732810020447,0.620081901550293,3
18,54,57,3,dispatch_decision_block,hierarchical_actor_joint_reward_aligned_credit,-0.19931678473949432,0.183144211769104,0.2514084279537201,-0.665823221206665,1.0,0.0,1.0,1.0,0.3400000035762787,-0.17796598374843597,0.5345184206962585,3
19,57,60,3,dispatch_decision_block,hierarchical_actor_joint_reward_aligned_credit,-0.15662559866905212,0.1352134793996811,0.14772328734397888,-0.44012027978897095,1.0,0.0,1.0,1.0,0.22999998927116394,-0.1621176153421402,0.4674476087093353,3
20,60,63,3,dispatch_decision_block,hierarchical_actor_joint_reward_aligned_credit,-0.0070315334014594555,0.2547101676464081,0.6353534460067749,-0.9162707328796387,1.0,0.0,1.0,1.0,0.5600000023841858,-0.3720914423465729,0.5602854490280151,3
21,63,66,3,dispatch_decision_block,hierarchical_actor_joint_reward_aligned_credit,0.22460967302322388,0.11332246661186218,0.5220432877540588,-0.1897365003824234,1.0,0.0,1.0,1.0,0.25999999046325684,-0.23553386330604553,0.469679594039917,3
22,66,69,3,dispatch_decision_block,hierarchical_actor_joint_reward_aligned_credit,0.2104668915271759,0.2048276960849762,0.643043577671051,-0.27604201436042786,1.0,0.0,1.0,1.0,0.2800000011920929,-0.15138031542301178,0.43648600578308105,3
23,69,72,3,dispatch_decision_block,hierarchical_actor_joint_reward_aligned_credit,-0.5261105298995972,0.21707779169082642,0.03449694812297821,-1.071536898612976,1.0,0.0,1.0,1.0,0.44999998807907104,-0.3066224455833435,0.500752866268158,3
0,0,3,3,dispatch_decision_block,hierarchical_actor_joint_reward_aligned_credit,-0.23843543231487274,0.17583325505256653,0.29730722308158875,-0.5741211175918579,1.0,0.0,1.0,1.0,0.3700000047683716,-0.303631991147995,0.48879164457321167,4
1,3,6,3,dispatch_decision_block,hierarchical_actor_joint_reward_aligned_credit,0.034096043556928635,0.1197022944688797,0.2431863248348236,-0.2880135476589203,1.0,0.0,1.0,1.0,0.2199999988079071,-0.13175325095653534,0.621659517288208,4
2,6,9,3,dispatch_decision_block,hierarchical_actor_joint_reward_aligned_credit,-0.28523823618888855,0.19261294603347778,0.3402162194252014,-0.9373752474784851,1.0,0.0,1.0,1.0,0.4599999785423279,-0.38437169790267944,0.5441535115242004,4
3,9,12,3,dispatch_decision_block,hierarchical_actor_joint_reward_aligned_credit,-0.6868310570716858,0.21465030312538147,-0.08878639340400696,-1.3332349061965942,1.0,0.0,1.0,1.0,0.3199999928474426,-0.2781650125980377,0.48438864946365356,4
4,12,15,3,dispatch_decision_block,hierarchical_actor_joint_reward_aligned_credit,-0.36605116724967957,0.1679365336894989,0.02039092779159546,-0.81908118724823,1.0,0.0,1.0,1.0,0.3199999928474426,-0.13581731915473938,0.4931720197200775,4
5,15,18,3,dispatch_decision_block,hierarchical_actor_joint_reward_aligned_credit,-0.3349112570285797,0.2288333624601364,0.38480883836746216,-0.9544985890388489,1.0,0.0,1.0,1.0,0.44999998807907104,-0.18769457936286926,0.8020018935203552,4
6,18,21,3,dispatch_decision_block,hierarchical_actor_joint_reward_aligned_credit,-0.14827431738376617,0.17295639216899872,0.3548887372016907,-0.4718044698238373,1.0,0.0,1.0,1.0,0.3100000023841858,-0.28803810477256775,0.41002771258354187,4
7,21,24,3,dispatch_decision_block,hierarchical_actor_joint_reward_aligned_credit,-0.20617936551570892,0.2371584177017212,0.18089352548122406,-0.7740257382392883,1.0,0.0,1.0,1.0,0.3999999761581421,-0.1504993438720703,0.5807486176490784,4
8,24,27,3,dispatch_decision_block,hierarchical_actor_joint_reward_aligned_credit,-0.16844907402992249,0.36919835209846497,0.7851398587226868,-1.1128880977630615,1.0,0.0,1.0,1.0,0.5199999809265137,-0.2762380838394165,1.143545389175415,4
9,27,30,3,dispatch_decision_block,hierarchical_actor_joint_reward_aligned_credit,0.07185982912778854,0.39861759543418884,0.8741575479507446,-1.0243737697601318,1.0,0.0,1.0,1.0,0.3400000035762787,-0.2654520273208618,0.4497668743133545,4
10,30,33,3,dispatch_decision_block,hierarchical_actor_joint_reward_aligned_credit,0.2578961253166199,0.1593218892812729,0.6888898611068726,-0.040304332971572876,1.0,0.0,1.0,1.0,0.2800000011920929,-0.1866578310728073,0.48202961683273315,4
11,33,36,3,dispatch_decision_block,hierarchical_actor_joint_reward_aligned_credit,-0.07606848329305649,0.35791242122650146,0.6523723006248474,-1.0545518398284912,1.0,0.0,1.0,1.0,0.38999998569488525,-0.3700961172580719,0.5517883896827698,4
12,36,39,3,dispatch_decision_block,hierarchical_actor_joint_reward_aligned_credit,-0.032441768795251846,0.10643237084150314,0.2823537290096283,-0.37184226512908936,1.0,0.0,1.0,1.0,0.3999999761581421,-0.3069934844970703,0.5432679057121277,4
13,39,42,3,dispatch_decision_block,hierarchical_actor_joint_reward_aligned_credit,0.005505794193595648,0.12368408590555191,0.33459797501564026,-0.2758994400501251,1.0,0.0,1.0,1.0,0.23999999463558197,-0.12834623456001282,0.6598325371742249,4
14,42,45,3,dispatch_decision_block,hierarchical_actor_joint_reward_aligned_credit,-0.32488173246383667,0.2635580897331238,0.38947105407714844,-0.8416421413421631,1.0,0.0,1.0,1.0,0.47999998927116394,-0.26592960953712463,0.9586691856384277,4
15,45,48,3,dispatch_decision_block,hierarchical_actor_joint_reward_aligned_credit,-0.33642637729644775,0.2014750838279724,0.21853356063365936,-0.8060916066169739,1.0,0.0,1.0,1.0,0.38999998569488525,-0.2763725519180298,0.5594349503517151,4
16,48,51,3,dispatch_decision_block,hierarchical_actor_joint_reward_aligned_credit,-0.37916257977485657,0.2711387276649475,0.3055378198623657,-1.0991994142532349,1.0,0.0,1.0,1.0,0.3400000035762787,-0.04113611951470375,0.7144604325294495,4
17,51,54,3,dispatch_decision_block,hierarchical_actor_joint_reward_aligned_credit,-0.10629841685295105,0.0950595811009407,0.10113760828971863,-0.4369085133075714,1.0,0.0,1.0,1.0,0.4699999988079071,-0.3922858238220215,0.5238843560218811,4
18,54,57,3,dispatch_decision_block,hierarchical_actor_joint_reward_aligned_credit,-0.08718045800924301,0.09151076525449753,0.2627393305301666,-0.382362961769104,1.0,0.0,1.0,1.0,0.29999998211860657,-0.13000859320163727,0.6650456786155701,4
19,57,60,3,dispatch_decision_block,hierarchical_actor_joint_reward_aligned_credit,0.14687266945838928,0.09720674902200699,0.3958810865879059,-0.18326541781425476,1.0,0.0,1.0,1.0,0.28999999165534973,-0.1227121502161026,0.5509278774261475,4
20,60,63,3,dispatch_decision_block,hierarchical_actor_joint_reward_aligned_credit,-0.13057653605937958,0.2987641394138336,0.6235824823379517,-0.9315814971923828,1.0,0.0,1.0,1.0,0.5,-0.31719401478767395,0.589378297328949,4
21,63,66,3,dispatch_decision_block,hierarchical_actor_joint_reward_aligned_credit,0.03569147363305092,0.3067034184932709,0.962244987487793,-0.5274888873100281,1.0,0.0,1.0,1.0,0.17000000178813934,-0.0895179882645607,0.8274362087249756,4
22,66,69,3,dispatch_decision_block,hierarchical_actor_joint_reward_aligned_credit,-0.20904304087162018,0.21279525756835938,0.37042170763015747,-0.7794238924980164,1.0,0.0,1.0,1.0,0.25,-0.16988223791122437,0.411214679479599,4
23,69,72,3,dispatch_decision_block,hierarchical_actor_joint_reward_aligned_credit,-0.4183613359928131,0.2864294648170471,0.0553007572889328,-1.1339792013168335,1.0,0.0,1.0,1.0,0.4899999797344208,-0.13029927015304565,1.475690484046936,4
0,0,3,3,dispatch_decision_block,hierarchical_actor_joint_reward_aligned_credit,-0.4613531529903412,0.2426929771900177,0.2331801801919937,-0.8696305155754089,1.0,0.0,1.0,1.0,0.3700000047683716,-0.36214396357536316,0.510569155216217,5
1,3,6,3,dispatch_decision_block,hierarchical_actor_joint_reward_aligned_credit,0.13990464806556702,0.2824317216873169,0.7881110906600952,-0.5881741642951965,1.0,0.0,1.0,1.0,0.20999999344348907,-0.01745195873081684,0.6650853753089905,5
2,6,9,3,dispatch_decision_block,hierarchical_actor_joint_reward_aligned_credit,-0.40338560938835144,0.20329980552196503,0.12317788600921631,-1.0367292165756226,1.0,0.0,1.0,1.0,0.5600000023841858,-0.230244442820549,1.5226526260375977,5
3,9,12,3,dispatch_decision_block,hierarchical_actor_joint_reward_aligned_credit,-0.6657862663269043,0.20886678993701935,-0.04615478217601776,-1.0544248819351196,1.0,0.0,1.0,1.0,0.29999998211860657,-0.24758975207805634,0.6062616109848022,5
4,12,15,3,dispatch_decision_block,hierarchical_actor_joint_reward_aligned_credit,-0.47272852063179016,0.22142454981803894,0.1534717082977295,-0.8775200843811035,1.0,0.0,1.0,1.0,0.2199999988079071,-0.2194240838289261,0.482307493686676,5
5,15,18,3,dispatch_decision_block,hierarchical_actor_joint_reward_aligned_credit,-0.20912721753120422,0.13145071268081665,0.12818199396133423,-0.4892836809158325,1.0,0.0,1.0,1.0,0.47999998927116394,-0.2932446300983429,0.7305446863174438,5
6,18,21,3,dispatch_decision_block,hierarchical_actor_joint_reward_aligned_credit,-0.20851993560791016,0.16454832255840302,0.27944910526275635,-0.6103525161743164,1.0,0.0,1.0,1.0,0.29999998211860657,-0.1762314736843109,0.6153078675270081,5
7,21,24,3,dispatch_decision_block,hierarchical_actor_joint_reward_aligned_credit,-0.16732606291770935,0.3162270188331604,0.32967182993888855,-1.089846134185791,1.0,0.0,1.0,1.0,0.29999998211860657,-0.10317638516426086,0.5237778425216675,5
8,24,27,3,dispatch_decision_block,hierarchical_actor_joint_reward_aligned_credit,-0.23609621822834015,0.30768531560897827,0.30709192156791687,-1.0560961961746216,1.0,0.0,1.0,1.0,0.47999998927116394,-0.30917057394981384,0.7496403455734253,5
9,27,30,3,dispatch_decision_block,hierarchical_actor_joint_reward_aligned_credit,-0.013452734798192978,0.4159182906150818,0.9647679328918457,-0.8151019215583801,1.0,0.0,1.0,1.0,0.19999998807907104,-0.20268194377422333,0.5206723213195801,5
10,30,33,3,dispatch_decision_block,hierarchical_actor_joint_reward_aligned_credit,0.2899978458881378,0.30282798409461975,0.8825639486312866,-0.5857247710227966,1.0,0.0,1.0,1.0,0.3100000023841858,-0.1812630295753479,0.5189431309700012,5
11,33,36,3,dispatch_decision_block,hierarchical_actor_joint_reward_aligned_credit,-0.2165559083223343,0.43892553448677063,0.5110184550285339,-1.8247202634811401,1.0,0.0,1.0,1.0,0.4399999976158142,-0.41934457421302795,0.48602697253227234,5
12,36,39,3,dispatch_decision_block,hierarchical_actor_joint_reward_aligned_credit,0.21417148411273956,0.16110460460186005,0.5289176106452942,-0.2537195682525635,1.0,0.0,1.0,1.0,0.4399999976158142,-0.3197900950908661,0.6868171691894531,5
13,39,42,3,dispatch_decision_block,hierarchical_actor_joint_reward_aligned_credit,0.05521191656589508,0.17848949134349823,0.3530394732952118,-0.4509000778198242,1.0,0.0,1.0,1.0,0.2199999988079071,-0.086067795753479,0.6734448671340942,5
14,42,45,3,dispatch_decision_block,hierarchical_actor_joint_reward_aligned_credit,-0.2884804606437683,0.2874525189399719,0.28122591972351074,-1.1651256084442139,1.0,0.0,1.0,1.0,0.4399999976158142,-0.3396139442920685,0.6034536957740784,5
15,45,48,3,dispatch_decision_block,hierarchical_actor_joint_reward_aligned_credit,-0.8900701999664307,0.35494914650917053,0.06805679202079773,-1.4198617935180664,1.0,0.0,1.0,1.0,0.2199999988079071,-0.21886096894741058,0.5895369648933411,5
16,48,51,3,dispatch_decision_block,hierarchical_actor_joint_reward_aligned_credit,-0.39409303665161133,0.40041035413742065,0.3413703143596649,-1.4641120433807373,1.0,0.0,1.0,1.0,0.26999998092651367,-0.25824928283691406,0.5742849707603455,5
17,51,54,3,dispatch_decision_block,hierarchical_actor_joint_reward_aligned_credit,0.07663511484861374,0.16372698545455933,0.47357746958732605,-0.3214871883392334,1.0,0.0,1.0,1.0,0.5399999618530273,-0.4441552758216858,0.5793284177780151,5
18,54,57,3,dispatch_decision_block,hierarchical_actor_joint_reward_aligned_credit,-0.1580260545015335,0.1288486272096634,0.11685887724161148,-0.515044093132019,1.0,0.0,1.0,1.0,0.3199999928474426,-0.33625146746635437,0.5155131220817566,5
19,57,60,3,dispatch_decision_block,hierarchical_actor_joint_reward_aligned_credit,0.4101604223251343,0.15761049091815948,0.6869218349456787,-0.1807064712047577,1.0,0.0,1.0,1.0,0.17999999225139618,-0.11501088738441467,0.5191202163696289,5
20,60,63,3,dispatch_decision_block,hierarchical_actor_joint_reward_aligned_credit,0.11838770657777786,0.2391374260187149,0.5352830290794373,-0.7838889360427856,1.0,0.0,1.0,1.0,0.5,-0.30864569544792175,0.8529952168464661,5
21,63,66,3,dispatch_decision_block,hierarchical_actor_joint_reward_aligned_credit,-0.4999816119670868,0.400839626789093,0.7152279615402222,-1.2191190719604492,1.0,0.0,1.0,1.0,0.17000000178813934,-0.12826678156852722,0.6427973508834839,5
22,66,69,3,dispatch_decision_block,hierarchical_actor_joint_reward_aligned_credit,-0.46096646785736084,0.303203284740448,0.22776202857494354,-1.1139183044433594,1.0,0.0,1.0,1.0,0.25,-0.16749051213264465,0.515927255153656,5
23,69,72,3,dispatch_decision_block,hierarchical_actor_joint_reward_aligned_credit,-0.4522307515144348,0.2747948467731476,-0.02544194459915161,-1.1753883361816406,1.0,0.0,1.0,1.0,0.4099999964237213,-0.2403104305267334,0.5772900581359863,5
