group_name,update_direction,target_update_norm,step_type,set_type,critic_loss,value_pred_mean,value_pred_std,value_target_mean,value_target_std,return_mean,return_std,advantage_mean,advantage_std,pearson_value_vs_value_target,spearman_value_vs_value_target,pearson_value_vs_return,spearman_value_vs_return,pearson_value_vs_advantage,spearman_value_vs_advantage,pearson_value_vs_one_step_reward,spearman_value_vs_one_step_reward,grad_norm,critic_param_delta_norm,critic_backbone_delta_norm,critic_head_delta_norm,update_over_grad_ratio,scale_factor,cosine_update_vs_current_grad,cosine_update_vs_global_grad
no_op,no_op,0.0,before_update,current_batch,0.3996136486530304,-26.539926528930664,7.47188138961792,-0.4497126638889313,1.0327413082122803,-30.325071334838867,8.894390106201172,-15.459139823913574,16.447053909301758,0.6262403130531311,0.4186217486858368,0.6262403726577759,0.4186217486858368,0.12078416347503662,0.23643697798252106,-0.40816208720207214,-0.394794762134552,0.0,0.0,0.0,0.0,0.0,0.0,0.0,0.0
no_op,no_op,0.0,after_update,current_batch,0.3996136486530304,-26.539926528930664,7.47188138961792,-0.4497126638889313,1.0327413082122803,-30.325071334838867,8.894390106201172,-15.459139823913574,16.447053909301758,0.6262403130531311,0.4186217486858368,0.6262403726577759,0.4186217486858368,0.12078416347503662,0.23643697798252106,-0.40816208720207214,-0.394794762134552,0.0,0.0,0.0,0.0,0.0,0.0,0.0,0.0
current_grad_norm_1e-05,current_grad,1e-05,before_update,current_batch,0.3996136486530304,-26.539926528930664,7.47188138961792,-0.4497126638889313,1.0327413082122803,-30.325071334838867,8.894390106201172,-15.459139823913574,16.447053909301758,0.6262403130531311,0.4186217486858368,0.6262403726577759,0.4186217486858368,0.12078416347503662,0.23643697798252106,-0.40816208720207214,-0.394794762134552,2.131699207039702,0.0,0.0,0.0,0.0,0.0,0.0,0.0
current_grad_norm_1e-05,current_grad,1e-05,after_update,current_batch,0.3995709717273712,-26.540550231933594,7.4714789390563965,-0.4497126638889313,1.0327413082122803,-30.325071334838867,8.894390106201172,-15.459139823913574,16.447053909301758,0.6262528300285339,0.4186217486858368,0.6262529492378235,0.4186217486858368,0.12078949809074402,0.23643697798252106,-0.40816736221313477,-0.394794762134552,2.1316978931427,1.0005725861323004e-05,7.254746148176018e-06,6.890806073129124e-06,4.693782310105797e-06,4.691096253445788e-06,1.0,0.8179006510940898
current_grad_norm_2e-05,current_grad,2e-05,before_update,current_batch,0.3996136486530304,-26.539926528930664,7.47188138961792,-0.4497126638889313,1.0327413082122803,-30.325071334838867,8.894390106201172,-15.459139823913574,16.447053909301758,0.6262403130531311,0.4186217486858368,0.6262403726577759,0.4186217486858368,0.12078416347503662,0.23643697798252106,-0.40816208720207214,-0.394794762134552,2.131699207039702,0.0,0.0,0.0,0.0,0.0,0.0,0.0
current_grad_norm_2e-05,current_grad,2e-05,after_update,current_batch,0.399528443813324,-26.541170120239258,7.471080303192139,-0.4497126638889313,1.0327413082122803,-30.325071334838867,8.894390106201172,-15.459139823913574,16.447053909301758,0.6262651681900024,0.4186217486858368,0.6262651681900024,0.4186217486858368,0.12079469859600067,0.23643697798252106,-0.4081726372241974,-0.394794762134552,2.1316978931427,2.000434983366378e-05,1.4497665651470603e-05,1.3783747782289605e-05,9.384233055731903e-06,9.382192506891576e-06,1.0,0.8179006510940898
current_grad_norm_5e-05,current_grad,5e-05,before_update,current_batch,0.3996136486530304,-26.539926528930664,7.47188138961792,-0.4497126638889313,1.0327413082122803,-30.325071334838867,8.894390106201172,-15.459139823913574,16.447053909301758,0.6262403130531311,0.4186217486858368,0.6262403726577759,0.4186217486858368,0.12078416347503662,0.23643697798252106,-0.40816208720207214,-0.394794762134552,2.131699207039702,0.0,0.0,0.0,0.0,0.0,0.0,0.0
current_grad_norm_5e-05,current_grad,5e-05,after_update,current_batch,0.399400532245636,-26.543033599853516,7.469876289367676,-0.4497126638889313,1.0327413082122803,-30.325071334838867,8.894390106201172,-15.459139823913574,16.447053909301758,0.6263025999069214,0.4186217486858368,0.6263026595115662,0.4186217486858368,0.12081055343151093,0.23643697798252106,-0.40818849205970764,-0.394794762134552,2.1316978931427,5.0010856697186014e-05,3.6245430602640285e-05,3.4458011376393474e-05,2.346057424837835e-05,2.345548126722894e-05,1.0,0.8179006510940898
current_grad_norm_1e-04,current_grad,0.0001,before_update,current_batch,0.3996136486530304,-26.539926528930664,7.47188138961792,-0.4497126638889313,1.0327413082122803,-30.325071334838867,8.894390106201172,-15.459139823913574,16.447053909301758,0.6262403130531311,0.4186217486858368,0.6262403726577759,0.4186217486858368,0.12078416347503662,0.23643697798252106,-0.40816208720207214,-0.394794762134552,2.131699207039702,0.0,0.0,0.0,0.0,0.0,0.0,0.0
current_grad_norm_1e-04,current_grad,0.0001,after_update,current_batch,0.39918750524520874,-26.546138763427734,7.467871189117432,-0.4497126638889313,1.0327413082122803,-30.325071334838867,8.894390106201172,-15.459139823913574,16.447053909301758,0.6263650059700012,0.4186217486858368,0.6263651251792908,0.4186217486858368,0.12083709985017776,0.23643697798252106,-0.4082149565219879,-0.394794762134552,2.1316978931427,0.00010000226832875133,7.249536889656952e-05,6.888305422559225e-05,4.6912026629308575e-05,4.691096253445788e-05,1.0,0.8179006510940898
current_grad_norm_2e-04,current_grad,0.0002,before_update,current_batch,0.3996136486530304,-26.539926528930664,7.47188138961792,-0.4497126638889313,1.0327413082122803,-30.325071334838867,8.894390106201172,-15.459139823913574,16.447053909301758,0.6262403130531311,0.4186217486858368,0.6262403726577759,0.4186217486858368,0.12078416347503662,0.23643697798252106,-0.40816208720207214,-0.394794762134552,2.131699207039702,0.0,0.0,0.0,0.0,0.0,0.0,0.0
current_grad_norm_2e-04,current_grad,0.0002,after_update,current_batch,0.39876168966293335,-26.552350997924805,7.463855743408203,-0.4497126638889313,1.0327413082122803,-30.325071334838867,8.894390106201172,-15.459139823913574,16.447053909301758,0.6264898777008057,0.4186217486858368,0.6264899373054504,0.4186217486858368,0.12089017033576965,0.23643697798252106,-0.40826788544654846,-0.394794762134552,2.1316978931427,0.00020000269920007852,0.0001449826897542534,0.00013777191063108252,9.382319128965332e-05,9.382192506891576e-05,1.0,0.8179006510940898
current_grad_norm_5e-04,current_grad,0.0005,before_update,current_batch,0.3996136486530304,-26.539926528930664,7.47188138961792,-0.4497126638889313,1.0327413082122803,-30.325071334838867,8.894390106201172,-15.459139823913574,16.447053909301758,0.6262403130531311,0.4186217486858368,0.6262403726577759,0.4186217486858368,0.12078416347503662,0.23643697798252106,-0.40816208720207214,-0.394794762134552,2.131699207039702,0.0,0.0,0.0,0.0,0.0,0.0,0.0
current_grad_norm_5e-04,current_grad,0.0005,after_update,current_batch,0.39748597145080566,-26.570987701416016,7.4517669677734375,-0.4497126638889313,1.0327413082122803,-30.325071334838867,8.894390106201172,-15.459139823913574,16.447053909301758,0.6268654465675354,0.4186217486858368,0.6268654465675354,0.4186217486858368,0.12105090171098709,0.23643697798252106,-0.4084269106388092,-0.394794762134552,2.1316978931427,0.0005000012548837601,0.00036245488624623776,0.00034442373658266005,0.00023455540135033993,0.0002345548126722894,1.0,0.8179006510940898
current_grad_norm_1e-03,current_grad,0.001,before_update,current_batch,0.3996136486530304,-26.539926528930664,7.47188138961792,-0.4497126638889313,1.0327413082122803,-30.325071334838867,8.894390106201172,-15.459139823913574,16.447053909301758,0.6262403130531311,0.4186217486858368,0.6262403726577759,0.4186217486858368,0.12078416347503662,0.23643697798252106,-0.40816208720207214,-0.394794762134552,2.131699207039702,0.0,0.0,0.0,0.0,0.0,0.0,0.0
current_grad_norm_1e-03,current_grad,0.001,after_update,current_batch,0.39536619186401367,-26.602066040039062,7.431498050689697,-0.4497126638889313,1.0327413082122803,-30.325071334838867,8.894390106201172,-15.459139823913574,16.447053909301758,0.6274939775466919,0.421554297208786,0.6274940967559814,0.421554297208786,0.12132346630096436,0.23423755168914795,-0.4086926579475403,-0.3878299593925476,2.1316978931427,0.0010000002251051318,0.0007249057974745904,0.0006888483396205892,0.00046910973094356284,0.0004691096253445788,1.0,0.8179006510940898
global_grad_norm_1e-05,global_grad,1e-05,before_update,current_batch,0.3996136486530304,-26.539926528930664,7.47188138961792,-0.4497126638889313,1.0327413082122803,-30.325071334838867,8.894390106201172,-15.459139823913574,16.447053909301758,0.6262403130531311,0.4186217486858368,0.6262403726577759,0.4186217486858368,0.12078416347503662,0.23643697798252106,-0.40816208720207214,-0.394794762134552,1.882236064373162,0.0,0.0,0.0,0.0,0.0,0.0,0.0
global_grad_norm_1e-05,global_grad,1e-05,after_update,current_batch,0.399578720331192,-26.540586471557617,7.471628189086914,-0.4497126638889313,1.0327413082122803,-30.325071334838867,8.894390106201172,-15.459139823913574,16.447053909301758,0.626242458820343,0.4186217486858368,0.626242458820343,0.4186217486858368,0.12078316509723663,0.23643697798252106,-0.4081624746322632,-0.394794762134552,1.8822351694107056,1.0013785774774233e-05,6.171558694502194e-06,7.88592219232381e-06,5.3201565550968705e-06,5.312832404003387e-06,0.8179006510940898,1.0
global_grad_norm_2e-05,global_grad,2e-05,before_update,current_batch,0.3996136486530304,-26.539926528930664,7.47188138961792,-0.4497126638889313,1.0327413082122803,-30.325071334838867,8.894390106201172,-15.459139823913574,16.447053909301758,0.6262403130531311,0.4186217486858368,0.6262403726577759,0.4186217486858368,0.12078416347503662,0.23643697798252106,-0.40816208720207214,-0.394794762134552,1.882236064373162,0.0,0.0,0.0,0.0,0.0,0.0,0.0
global_grad_norm_2e-05,global_grad,2e-05,after_update,current_batch,0.3995439410209656,-26.541242599487305,7.471375465393066,-0.4497126638889313,1.0327413082122803,-30.325071334838867,8.894390106201172,-15.459139823913574,16.447053909301758,0.6262444257736206,0.4186217486858368,0.6262444257736206,0.4186217486858368,0.12078195065259933,0.23643697798252106,-0.4081628918647766,-0.394794762134552,1.8822351694107056,1.9997057360491572e-05,1.233541818133457e-05,1.5739115647659204e-05,1.0624101432953405e-05,1.0625664808006774e-05,0.8179006510940898,1.0
global_grad_norm_5e-05,global_grad,5e-05,before_update,current_batch,0.3996136486530304,-26.539926528930664,7.47188138961792,-0.4497126638889313,1.0327413082122803,-30.325071334838867,8.894390106201172,-15.459139823913574,16.447053909301758,0.6262403130531311,0.4186217486858368,0.6262403726577759,0.4186217486858368,0.12078416347503662,0.23643697798252106,-0.40816208720207214,-0.394794762134552,1.882236064373162,0.0,0.0,0.0,0.0,0.0,0.0,0.0
global_grad_norm_5e-05,global_grad,5e-05,after_update,current_batch,0.39943933486938477,-26.54322052001953,7.470615863800049,-0.4497126638889313,1.0327413082122803,-30.325071334838867,8.894390106201172,-15.459139823913574,16.447053909301758,0.6262506246566772,0.4186217486858368,0.6262506246566772,0.4186217486858368,0.12077879160642624,0.23643697798252106,-0.40816399455070496,-0.394794762134552,1.8822351694107056,5.000712395395527e-05,3.084270277378902e-05,3.936292839403535e-05,2.6567946857358753e-05,2.6564162020016932e-05,0.8179006510940898,1.0
global_grad_norm_1e-04,global_grad,0.0001,before_update,current_batch,0.3996136486530304,-26.539926528930664,7.47188138961792,-0.4497126638889313,1.0327413082122803,-30.325071334838867,8.894390106201172,-15.459139823913574,16.447053909301758,0.6262403130531311,0.4186217486858368,0.6262403726577759,0.4186217486858368,0.12078416347503662,0.23643697798252106,-0.40816208720207214,-0.394794762134552,1.882236064373162,0.0,0.0,0.0,0.0,0.0,0.0,0.0
global_grad_norm_1e-04,global_grad,0.0001,after_update,current_batch,0.3992651700973511,-26.546512603759766,7.469353199005127,-0.4497126638889313,1.0327413082122803,-30.325071334838867,8.894390106201172,-15.459139823913574,16.447053909301758,0.6262608170509338,0.4186217486858368,0.6262609362602234,0.4186217486858368,0.12077341973781586,0.23643697798252106,-0.4081658720970154,-0.394794762134552,1.8822351694107056,0.00010000982888922669,6.168019526458661e-05,7.872432525322061e-05,5.313354596415176e-05,5.3128324040033864e-05,0.8179006510940898,1.0
global_grad_norm_2e-04,global_grad,0.0002,before_update,current_batch,0.3996136486530304,-26.539926528930664,7.47188138961792,-0.4497126638889313,1.0327413082122803,-30.325071334838867,8.894390106201172,-15.459139823913574,16.447053909301758,0.6262403130531311,0.4186217486858368,0.6262403726577759,0.4186217486858368,0.12078416347503662,0.23643697798252106,-0.40816208720207214,-0.394794762134552,1.882236064373162,0.0,0.0,0.0,0.0,0.0,0.0,0.0
global_grad_norm_2e-04,global_grad,0.0002,after_update,current_batch,0.3989167809486389,-26.553098678588867,7.46681547164917,-0.4497126638889313,1.0327413082122803,-30.325071334838867,8.894390106201172,-15.459139823913574,16.447053909301758,0.6262814402580261,0.4186217486858368,0.6262814402580261,0.4186217486858368,0.12076285481452942,0.23643697798252106,-0.408169686794281,-0.394794762134552,1.8822351694107056,0.0001999929285733834,0.00012335699883186184,0.00015741735075446567,0.00010625289114962061,0.00010625664808006773,0.8179006510940898,1.0
global_grad_norm_5e-04,global_grad,0.0005,before_update,current_batch,0.3996136486530304,-26.539926528930664,7.47188138961792,-0.4497126638889313,1.0327413082122803,-30.325071334838867,8.894390106201172,-15.459139823913574,16.447053909301758,0.6262403130531311,0.4186217486858368,0.6262403726577759,0.4186217486858368,0.12078416347503662,0.23643697798252106,-0.40816208720207214,-0.394794762134552,1.882236064373162,0.0,0.0,0.0,0.0,0.0,0.0,0.0
global_grad_norm_5e-04,global_grad,0.0005,after_update,current_batch,0.3978731036186218,-26.572866439819336,7.459174633026123,-0.4497126638889313,1.0327413082122803,-30.325071334838867,8.894390106201172,-15.459139823913574,16.447053909301758,0.6263436079025269,0.4186217486858368,0.6263436675071716,0.4186217486858368,0.12073110044002533,0.23643697798252106,-0.4081815183162689,-0.394794762134552,1.8822351694107056,0.0004999941357262109,0.0003083899941799215,0.00039356034766006165,0.00026563850460978804,0.0002656416202001693,0.8179006510940898,1.0
global_grad_norm_1e-03,global_grad,0.001,before_update,current_batch,0.3996136486530304,-26.539926528930664,7.47188138961792,-0.4497126638889313,1.0327413082122803,-30.325071334838867,8.894390106201172,-15.459139823913574,16.447053909301758,0.6262403130531311,0.4186217486858368,0.6262403726577759,0.4186217486858368,0.12078416347503662,0.23643697798252106,-0.40816208720207214,-0.394794762134552,1.882236064373162,0.0,0.0,0.0,0.0,0.0,0.0,0.0
global_grad_norm_1e-03,global_grad,0.001,after_update,current_batch,0.39613837003707886,-26.6058292388916,7.4463300704956055,-0.4497126638889313,1.0327413082122803,-30.325071334838867,8.894390106201172,-15.459139823913574,16.447053909301758,0.6264482736587524,0.4270528256893158,0.6264481544494629,0.4270528256893158,0.12067954242229462,0.23826982080936432,-0.40820202231407166,-0.3892962336540222,1.8822351694107056,0.0010000076685313282,0.0006167762775850232,0.0007871482455864493,0.0005312873145625118,0.0005312832404003386,0.8179006510940898,1.0
blended_grad_norm_1e-05,blended_grad,1e-05,before_update,current_batch,0.3996136486530304,-26.539926528930664,7.47188138961792,-0.4497126638889313,1.0327413082122803,-30.325071334838867,8.894390106201172,-15.459139823913574,16.447053909301758,0.6262403130531311,0.4186217486858368,0.6262403726577759,0.4186217486858368,0.12078416347503662,0.23643697798252106,-0.40816208720207214,-0.394794762134552,1.8636237215606646,0.0,0.0,0.0,0.0,0.0,0.0,0.0
blended_grad_norm_1e-05,blended_grad,1e-05,after_update,current_batch,0.3995753228664398,-26.540590286254883,7.471558570861816,-0.4497126638889313,1.0327413082122803,-30.325071334838867,8.894390106201172,-15.459139823913574,16.447053909301758,0.6262456178665161,0.4186217486858368,0.6262454986572266,0.4186217486858368,0.12078502029180527,0.23643697798252106,-0.40816375613212585,-0.394794762134552,1.863623023033142,9.990854906469822e-06,6.351758111487298e-06,7.711831861191441e-06,5.360984911105677e-06,5.365892069590602e-06,0.8998173965551086,0.9864117741965149
blended_grad_norm_2e-05,blended_grad,2e-05,before_update,current_batch,0.3996136486530304,-26.539926528930664,7.47188138961792,-0.4497126638889313,1.0327413082122803,-30.325071334838867,8.894390106201172,-15.459139823913574,16.447053909301758,0.6262403130531311,0.4186217486858368,0.6262403726577759,0.4186217486858368,0.12078416347503662,0.23643697798252106,-0.40816208720207214,-0.394794762134552,1.8636237215606646,0.0,0.0,0.0,0.0,0.0,0.0,0.0
blended_grad_norm_2e-05,blended_grad,2e-05,after_update,current_batch,0.39953696727752686,-26.541257858276367,7.4712371826171875,-0.4497126638889313,1.0327413082122803,-30.325071334838867,8.894390106201172,-15.459139823913574,16.447053909301758,0.6262508034706116,0.4186217486858368,0.6262508034706116,0.4186217486858368,0.12078586965799332,0.23643697798252106,-0.40816551446914673,-0.394794762134552,1.863623023033142,1.9999524138535538e-05,1.269553904404414e-05,1.5453292663669337e-05,1.0731528797055364e-05,1.0731784139181204e-05,0.8998173965551086,0.9864117741965149
blended_grad_norm_5e-05,blended_grad,5e-05,before_update,current_batch,0.3996136486530304,-26.539926528930664,7.47188138961792,-0.4497126638889313,1.0327413082122803,-30.325071334838867,8.894390106201172,-15.459139823913574,16.447053909301758,0.6262403130531311,0.4186217486858368,0.6262403726577759,0.4186217486858368,0.12078416347503662,0.23643697798252106,-0.40816208720207214,-0.394794762134552,1.8636237215606646,0.0,0.0,0.0,0.0,0.0,0.0,0.0
blended_grad_norm_5e-05,blended_grad,5e-05,after_update,current_batch,0.3994219899177551,-26.54325294494629,7.470271110534668,-0.4497126638889313,1.0327413082122803,-30.325071334838867,8.894390106201172,-15.459139823913574,16.447053909301758,0.6262665390968323,0.4186217486858368,0.6262666583061218,0.4186217486858368,0.12078849226236343,0.23643697798252106,-0.40817058086395264,-0.394794762134552,1.863623023033142,4.9987508485739525e-05,3.173826686200645e-05,3.8619081050795914e-05,2.682275753622226e-05,2.682946034795301e-05,0.8998173965551086,0.9864117741965149
blended_grad_norm_1e-04,blended_grad,0.0001,before_update,current_batch,0.3996136486530304,-26.539926528930664,7.47188138961792,-0.4497126638889313,1.0327413082122803,-30.325071334838867,8.894390106201172,-15.459139823913574,16.447053909301758,0.6262403130531311,0.4186217486858368,0.6262403726577759,0.4186217486858368,0.12078416347503662,0.23643697798252106,-0.40816208720207214,-0.394794762134552,1.8636237215606646,0.0,0.0,0.0,0.0,0.0,0.0,0.0
blended_grad_norm_1e-04,blended_grad,0.0001,after_update,current_batch,0.39923015236854553,-26.546585083007812,7.468658924102783,-0.4497126638889313,1.0327413082122803,-30.325071334838867,8.894390106201172,-15.459139823913574,16.447053909301758,0.626292884349823,0.4186217486858368,0.6262928247451782,0.4186217486858368,0.12079264223575592,0.23643697798252106,-0.40817904472351074,-0.394794762134552,1.863623023033142,0.00010000234677547353,6.34818710341692e-05,7.726914915154152e-05,5.3660179950296266e-05,5.365892069590602e-05,0.8998173965551086,0.9864117741965149
blended_grad_norm_2e-04,blended_grad,0.0002,before_update,current_batch,0.3996136486530304,-26.539926528930664,7.47188138961792,-0.4497126638889313,1.0327413082122803,-30.325071334838867,8.894390106201172,-15.459139823913574,16.447053909301758,0.6262403130531311,0.4186217486858368,0.6262403726577759,0.4186217486858368,0.12078416347503662,0.23643697798252106,-0.40816208720207214,-0.394794762134552,1.8636237215606646,0.0,0.0,0.0,0.0,0.0,0.0,0.0
blended_grad_norm_2e-04,blended_grad,0.0002,after_update,current_batch,0.39884689450263977,-26.553245544433594,7.465430736541748,-0.4497126638889313,1.0327413082122803,-30.325071334838867,8.894390106201172,-15.459139823913574,16.447053909301758,0.6263456344604492,0.4186217486858368,0.6263455152511597,0.4186217486858368,0.12080146372318268,0.23643697798252106,-0.4081961512565613,-0.394794762134552,1.863623023033142,0.00020000179581394894,0.00012695444101256003,0.00015454218917820774,0.00010731880500619474,0.00010731784139181203,0.8998173965551086,0.9864117741965149
blended_grad_norm_5e-04,blended_grad,0.0005,before_update,current_batch,0.3996136486530304,-26.539926528930664,7.47188138961792,-0.4497126638889313,1.0327413082122803,-30.325071334838867,8.894390106201172,-15.459139823913574,16.447053909301758,0.6262403130531311,0.4186217486858368,0.6262403726577759,0.4186217486858368,0.12078416347503662,0.23643697798252106,-0.40816208720207214,-0.394794762134552,1.8636237215606646,0.0,0.0,0.0,0.0,0.0,0.0,0.0
blended_grad_norm_5e-04,blended_grad,0.0005,after_update,current_batch,0.39769870042800903,-26.573225021362305,7.455705165863037,-0.4497126638889313,1.0327413082122803,-30.325071334838867,8.894390106201172,-15.459139823913574,16.447053909301758,0.6265038847923279,0.4186217486858368,0.6265040040016174,0.4186217486858368,0.12082785367965698,0.23643697798252106,-0.40824761986732483,-0.394794762134552,1.863623023033142,0.0005000013589460799,0.00031738171353466087,0.00038635502696578064,0.0002682953326753294,0.0002682946034795301,0.8998173965551086,0.9864117741965149
blended_grad_norm_1e-03,blended_grad,0.001,before_update,current_batch,0.3996136486530304,-26.539926528930664,7.47188138961792,-0.4497126638889313,1.0327413082122803,-30.325071334838867,8.894390106201172,-15.459139823913574,16.447053909301758,0.6262403130531311,0.4186217486858368,0.6262403726577759,0.4186217486858368,0.12078416347503662,0.23643697798252106,-0.40816208720207214,-0.394794762134552,1.8636237215606646,0.0,0.0,0.0,0.0,0.0,0.0,0.0
blended_grad_norm_1e-03,blended_grad,0.001,after_update,current_batch,0.3957902193069458,-26.606550216674805,7.439359664916992,-0.4497126638889313,1.0327413082122803,-30.325071334838867,8.894390106201172,-15.459139823913574,16.447053909301758,0.6267691850662231,0.4270528256893158,0.6267692446708679,0.4270528256893158,0.1208736002445221,0.23826982080936432,-0.4083343744277954,-0.3892962336540222,1.863623023033142,0.0010000003499704918,0.0006347584877115708,0.0007727110470410175,0.0005365893947494488,0.0005365892069590602,0.8998173965551086,0.9864117741965149
