block_index,block_start,block_stop_exclusive,block_size,block_semantic,block_weight_mean,block_weight_std,block_weight_max,block_weight_min,block_adv_scale_mean,block_adv_scale_std,block_adv_scale_max,block_adv_scale_min,block_value_score_mean,block_value_score_std,block_value_score_max,block_value_score_min,block_value_scale_mean,block_value_scale_std,block_value_scale_max,block_value_scale_min,block_value_pred_mean,block_value_pred_std,block_value_pred_max,block_value_pred_min,block_td_target_mean,block_td_target_std,block_td_target_max,block_td_target_min,block_td_advantage_mean,block_td_advantage_std,block_td_advantage_max,block_td_advantage_min,block_advantage_mean,block_advantage_std,block_advantage_max,block_advantage_min,block_active_rate,block_clip_fraction,block_positive_adv_clip_fraction,block_negative_adv_clip_fraction,block_ratio_mean,block_ratio_std,block_ratio_max,block_surrogate_mean,block_surrogate_std,per_block_selected_action_prob_gain_mean,per_block_selected_action_prob_gain_std,epoch
0,0,3,3,dispatch_decision_block,0.04792582988739014,0.016593536362051964,0.089747853577137,0.02045951969921589,1.0,0.0,1.0,1.0,-0.22984811663627625,0.14289137721061707,0.2990128993988037,-0.6289682388305664,1.0,0.0,1.0,1.0,-0.22984811663627625,0.14289137721061707,0.2990128993988037,-0.6289682388305664,-0.22126203775405884,0.29762569069862366,0.7803165912628174,-1.070138692855835,0.00858607329428196,0.2681441605091095,0.7066562175750732,-0.7135894894599915,0.00858607329428196,0.2681441605091095,0.7066562175750732,-0.7135894894599915,0.28999999165534973,0.30000001192092896,0.2800000011920929,0.3199999928474426,0.9916229248046875,0.10425375401973724,1.217913269996643,-0.0025418454315513372,0.25714802742004395,-0.008377056568861008,0.10425375401973724,0
1,3,6,3,dispatch_decision_block,0.03361959382891655,0.01989537663757801,0.10571374744176865,0.005527344066649675,1.0,0.0,1.0,1.0,0.2811540365219116,0.11157471686601639,0.5536909103393555,-0.006296247243881226,1.0,0.0,1.0,1.0,0.2811540365219116,0.11157471686601639,0.5536909103393555,-0.006296247243881226,0.2785930633544922,0.4572634994983673,1.8769851922988892,-0.6089333295822144,-0.0025609969161450863,0.4430077075958252,1.5299879312515259,-1.0201491117477417,-0.0025609969161450863,0.4430077075958252,1.5299879312515259,-1.0201491117477417,0.550000011920929,0.20000000298023224,0.13461539149284363,0.2708333432674408,0.9995454549789429,0.08699009567499161,1.2309489250183105,-0.023347869515419006,0.25107428431510925,-0.00045458017848432064,0.08699009567499161,0
2,6,9,3,dispatch_decision_block,0.03698369115591049,0.02080107294023037,0.10948353260755539,0.0027439722325652838,1.0,0.0,1.0,1.0,-0.018833832815289497,0.10901498794555664,0.2363501936197281,-0.28479692339897156,1.0,0.0,1.0,1.0,-0.018833832815289497,0.10901498794555664,0.2363501936197281,-0.28479692339897156,-0.013026786036789417,0.4691520631313324,1.4966278076171875,-1.3527467250823975,0.005807037465274334,0.461740106344223,1.7814247608184814,-1.318307638168335,0.005807037465274334,0.461740106344223,1.7814247608184814,-1.318307638168335,0.5,0.3400000035762787,0.25,0.42307692766189575,1.012915849685669,0.13483171164989471,1.5300328731536865,-0.005419218447059393,0.3663713037967682,0.012915791012346745,0.13483171164989471,0
3,9,12,3,dispatch_decision_block,0.04664940759539604,0.01523324754089117,0.09874614328145981,0.01877683959901333,1.0,0.0,1.0,1.0,0.25318747758865356,0.10389731824398041,0.49995505809783936,-0.06795253604650497,1.0,0.0,1.0,1.0,0.25318747758865356,0.10389731824398041,0.49995505809783936,-0.06795253604650497,0.2556793689727783,0.19498157501220703,0.7444442510604858,-0.46190330386161804,0.0024919018615037203,0.19305889308452606,0.45536476373672485,-0.6992114782333374,0.0024919018615037203,0.19305889308452606,0.45536476373672485,-0.6992114782333374,0.15000000596046448,0.17000000178813934,0.1764705926179886,0.16326530277729034,1.0034840106964111,0.09178518503904343,1.3258647918701172,0.04358523711562157,0.37793973088264465,0.0034840572625398636,0.09178518503904343,0
4,12,15,3,dispatch_decision_block,0.04475022479891777,0.017147431150078773,0.09576664865016937,0.016480686143040657,1.0,0.0,1.0,1.0,0.24666644632816315,0.11262921243906021,0.49839285016059875,-0.055649757385253906,1.0,0.0,1.0,1.0,0.24666644632816315,0.11262921243906021,0.49839285016059875,-0.055649757385253906,0.2374134063720703,0.28240662813186646,1.0829507112503052,-0.6054095029830933,-0.0092530632391572,0.28895726799964905,0.8711128234863281,-0.762057900428772,-0.0092530632391572,0.28895726799964905,0.8711128234863281,-0.762057900428772,0.28999999165534973,0.2199999988079071,0.20454545319080353,0.2321428507566452,0.9849189519882202,0.09250077605247498,1.2532286643981934,0.012329347431659698,0.177371546626091,-0.015081021934747696,0.09250077605247498,0
5,15,18,3,dispatch_decision_block,0.03193693980574608,0.022398807108402252,0.10612737387418747,5.662378299575721e-08,1.0,0.0,1.0,1.0,-0.07616998255252838,0.12713928520679474,0.29271507263183594,-0.41446226835250854,1.0,0.0,1.0,1.0,-0.07616998255252838,0.12713928520679474,0.29271507263183594,-0.41446226835250854,-0.08257153630256653,0.46104565262794495,1.1555016040802002,-1.1064790487289429,-0.006401548162102699,0.4370541274547577,1.2086035013198853,-1.001301884651184,-0.006401548162102699,0.4370541274547577,1.2086035013198853,-1.001301884651184,0.49000000953674316,0.23000000417232513,0.12765957415103912,0.3207547068595886,0.9944807291030884,0.09321270883083344,1.2571063041687012,0.009206029586493969,0.2286330759525299,-0.005519351921975613,0.09321270883083344,0
6,18,21,3,dispatch_decision_block,0.0311222355812788,0.020360810682177544,0.09816554933786392,5.662378299575721e-08,1.0,0.0,1.0,1.0,0.007561355829238892,0.11133679002523422,0.3073856234550476,-0.21652209758758545,1.0,0.0,1.0,1.0,0.007561355829238892,0.11133679002523422,0.3073856234550476,-0.21652209758758545,0.004805965349078178,0.4365893602371216,0.9844354391098022,-1.1999760866165161,-0.002755393972620368,0.41294237971305847,0.9770665764808655,-1.0282152891159058,-0.002755393972620368,0.41294237971305847,0.9770665764808655,-1.0282152891159058,0.4699999988079071,0.5400000214576721,0.6078431606292725,0.4693877696990967,0.9874175786972046,0.15341831743717194,1.484195590019226,-0.006533501204103231,0.31973332166671753,-0.012582499533891678,0.15341831743717194,0
7,21,24,3,dispatch_decision_block,0.05078535154461861,0.012954926118254662,0.08084386587142944,0.0201016366481781,1.0,0.0,1.0,1.0,0.22102653980255127,0.10408028960227966,0.4802459478378296,-0.025042787194252014,1.0,0.0,1.0,1.0,0.22102653980255127,0.10408028960227966,0.4802459478378296,-0.025042787194252014,0.2132127434015274,0.18187656998634338,0.7882380485534668,-0.4064890146255493,-0.007813828997313976,0.19484834372997284,0.6278291940689087,-0.562542200088501,-0.007813828997313976,0.19484834372997284,0.6278291940689087,-0.562542200088501,0.17000000178813934,0.2800000011920929,0.3863636255264282,0.1964285671710968,0.9864872694015503,0.08923380821943283,1.243847370147705,0.005018898285925388,0.3738906979560852,-0.013512697070837021,0.08923380821943283,0
8,24,27,3,dispatch_decision_block,0.047891877591609955,0.01749458722770214,0.09256751835346222,0.020545469596982002,1.0,0.0,1.0,1.0,0.2813020348548889,0.1033887192606926,0.4704631268978119,-0.14614471793174744,1.0,0.0,1.0,1.0,0.2813020348548889,0.1033887192606926,0.4704631268978119,-0.14614471793174744,0.2742564082145691,0.3390968143939972,1.1903294324874878,-0.5719691514968872,-0.007045612204819918,0.31798020005226135,0.8246364593505859,-0.8898420333862305,-0.007045612204819918,0.31798020005226135,0.8246364593505859,-0.8898420333862305,0.4000000059604645,0.23000000417232513,0.2549019753932953,0.20408163964748383,0.9707338809967041,0.0931338220834732,1.353084683418274,-0.017561664804816246,0.26949888467788696,-0.029266085475683212,0.0931338220834732,0
9,27,30,3,dispatch_decision_block,0.03374706581234932,0.0211754459887743,0.10492268949747086,0.0003854690003208816,1.0,0.0,1.0,1.0,-0.2793181538581848,0.09856201708316803,-0.02137148380279541,-0.47657352685928345,1.0,0.0,1.0,1.0,-0.2793181538581848,0.09856201708316803,-0.02137148380279541,-0.47657352685928345,-0.2711915075778961,0.4692453444004059,1.0408215522766113,-1.7125539779663086,0.008126650005578995,0.4502386152744293,1.2814589738845825,-1.360337495803833,0.008126650005578995,0.4502386152744293,1.2814589738845825,-1.360337495803833,0.5899999737739563,0.4000000059604645,0.3799999952316284,0.41999998688697815,0.9886659383773804,0.11617487668991089,1.3022143840789795,0.010147813707590103,0.2361457645893097,-0.011334137991070747,0.11617487668991089,0
10,30,33,3,dispatch_decision_block,0.03432066738605499,0.021803565323352814,0.10024912655353546,0.0012934753904119134,1.0,0.0,1.0,1.0,-0.2843484580516815,0.08341725170612335,-0.070261150598526,-0.5618611574172974,1.0,0.0,1.0,1.0,-0.2843484580516815,0.08341725170612335,-0.070261150598526,-0.5618611574172974,-0.27582329511642456,0.5087677240371704,1.3726379871368408,-1.7133243083953857,0.00852514710277319,0.5140964984893799,1.7027665376663208,-1.4949274063110352,0.00852514710277319,0.5140964984893799,1.7027665376663208,-1.4949274063110352,0.5600000023841858,0.3400000035762787,0.375,0.3076923191547394,0.9986482262611389,0.13951687514781952,1.9150503873825073,0.0011656152782961726,0.24059349298477173,-0.0013517760671675205,0.13951687514781952,0
11,33,36,3,dispatch_decision_block,0.04433102905750275,0.010451574809849262,0.08098617196083069,0.023668197914958,1.0,0.0,1.0,1.0,-0.209318146109581,0.10647357255220413,0.03790055215358734,-0.5471211671829224,1.0,0.0,1.0,1.0,-0.209318146109581,0.10647357255220413,0.03790055215358734,-0.5471211671829224,-0.20099037885665894,0.2266099900007248,0.46829885244369507,-0.9700766801834106,0.008327747695147991,0.2355874627828598,0.8458088636398315,-0.8724962472915649,0.008327747695147991,0.2355874627828598,0.8458088636398315,-0.8724962472915649,0.25,0.3100000023841858,0.27272728085517883,0.35555556416511536,0.9919754266738892,0.10115126520395279,1.2879019975662231,0.005596833303570747,0.26894015073776245,-0.008024626411497593,0.10115126520395279,0
12,36,39,3,dispatch_decision_block,0.05062992870807648,0.019637294113636017,0.12282894551753998,0.022333743050694466,1.0,0.0,1.0,1.0,-0.09464019536972046,0.11532334238290787,0.30540019273757935,-0.34880927205085754,1.0,0.0,1.0,1.0,-0.09464019536972046,0.11532334238290787,0.30540019273757935,-0.34880927205085754,-0.09413178265094757,0.31222373247146606,0.6900579333305359,-1.0498758554458618,0.0005084133008494973,0.32417863607406616,0.9418268203735352,-1.1146018505096436,0.0005084133008494973,0.32417863607406616,0.9418268203735352,-1.1146018505096436,0.4399999976158142,0.28999999165534973,0.3333333432674408,0.2448979616165161,0.9865450859069824,0.1191287562251091,1.4369711875915527,0.029836302623152733,0.2782958149909973,-0.01345489826053381,0.1191287562251091,0
13,39,42,3,dispatch_decision_block,0.03297432139515877,0.017100419849157333,0.07338923215866089,0.0011454342165961862,1.0,0.0,1.0,1.0,0.0458083339035511,0.10227349400520325,0.3076501488685608,-0.19528818130493164,1.0,0.0,1.0,1.0,0.0458083339035511,0.10227349400520325,0.3076501488685608,-0.19528818130493164,0.04045205935835838,0.3521297574043274,0.8024704456329346,-0.9914504885673523,-0.005356271285563707,0.35030484199523926,0.9200478792190552,-0.9640564918518066,-0.005356271285563707,0.35030484199523926,0.9200478792190552,-0.9640564918518066,0.5099999904632568,0.5199999809265137,0.5833333134651184,0.4615384638309479,1.0048424005508423,0.17074944078922272,1.6809009313583374,0.055719852447509766,0.34625253081321716,0.004842319525778294,0.17074944078922272,0
14,42,45,3,dispatch_decision_block,0.03741444647312164,0.0190813560038805,0.08923568576574326,0.0036053385119885206,1.0,0.0,1.0,1.0,-0.13001640141010284,0.11993686109781265,0.1946890503168106,-0.5605176687240601,1.0,0.0,1.0,1.0,-0.13001640141010284,0.11993686109781265,0.1946890503168106,-0.5605176687240601,-0.12107814848423004,0.37562891840934753,0.934917688369751,-1.3046146631240845,0.008938243612647057,0.37134942412376404,0.8898017406463623,-1.2608435153961182,0.008938243612647057,0.37134942412376404,0.8898017406463623,-1.2608435153961182,0.46000000834465027,0.2800000011920929,0.28260868787765503,0.2777777910232544,0.9722363352775574,0.12861701846122742,1.4649109840393066,0.006840451154857874,0.3318631649017334,-0.0277636107057333,0.12861701846122742,0
15,45,48,3,dispatch_decision_block,0.05270964279770851,0.015426019206643105,0.09226731956005096,0.015054875053465366,1.0,0.0,1.0,1.0,0.11824791878461838,0.14307446777820587,0.6365359425544739,-0.294550359249115,1.0,0.0,1.0,1.0,0.11824791878461838,0.14307446777820587,0.6365359425544739,-0.294550359249115,0.11705787479877472,0.19835089147090912,0.6555007696151733,-0.38094913959503174,-0.001190059818327427,0.18842309713363647,0.41439715027809143,-0.4562857449054718,-0.001190059818327427,0.18842309713363647,0.41439715027809143,-0.4562857449054718,0.20000000298023224,0.20999999344348907,0.14000000059604645,0.2800000011920929,0.9883207082748413,0.08659796416759491,1.2635624408721924,0.011615934781730175,0.2857246696949005,-0.011679244227707386,0.08659796416759491,0
16,48,51,3,dispatch_decision_block,0.04686744138598442,0.020394382998347282,0.09968392550945282,0.01841702125966549,1.0,0.0,1.0,1.0,-0.10567174851894379,0.1129346415400505,0.1993122398853302,-0.37926971912384033,1.0,0.0,1.0,1.0,-0.10567174851894379,0.1129346415400505,0.1993122398853302,-0.37926971912384033,-0.11445412039756775,0.2588510513305664,0.7695679664611816,-0.7978514432907104,-0.008782368153333664,0.2537887990474701,0.8800345659255981,-0.5923017859458923,-0.008782368153333664,0.2537887990474701,0.8800345659255981,-0.5923017859458923,0.3199999928474426,0.47999998927116394,0.4761904776096344,0.48275861144065857,1.0235313177108765,0.1424890011548996,1.6817764043807983,0.010801014490425587,0.3740226924419403,0.0235312357544899,0.1424890011548996,0
17,51,54,3,dispatch_decision_block,0.03660919517278671,0.021564003080129623,0.10197048634290695,0.004448517691344023,1.0,0.0,1.0,1.0,-0.32940956950187683,0.09446855634450912,-0.12101402133703232,-0.5712515115737915,1.0,0.0,1.0,1.0,-0.32940956950187683,0.09446855634450912,-0.12101402133703232,-0.5712515115737915,-0.3207587003707886,0.46225810050964355,0.6141684055328369,-1.3521493673324585,0.008650874719023705,0.4418763816356659,0.9483307600021362,-1.1139240264892578,0.008650874719023705,0.4418763816356659,0.9483307600021362,-1.1139240264892578,0.5199999809265137,0.20999999344348907,0.25925925374031067,0.15217390656471252,0.9980875253677368,0.08871050924062729,1.2171112298965454,0.0015487479977309704,0.3013290464878082,-0.0019124519312754273,0.08871050924062729,0
18,54,57,3,dispatch_decision_block,0.03267856314778328,0.021656252443790436,0.0974869579076767,5.923615375991176e-08,1.0,0.0,1.0,1.0,0.03704305738210678,0.11514846235513687,0.2627723813056946,-0.34357401728630066,1.0,0.0,1.0,1.0,0.03704305738210678,0.11514846235513687,0.2627723813056946,-0.34357401728630066,0.037527989596128464,0.44027942419052124,1.4908671379089355,-1.0084669589996338,0.0004849338438361883,0.42220208048820496,1.2280948162078857,-1.0498404502868652,0.0004849338438361883,0.42220208048820496,1.2280948162078857,-1.0498404502868652,0.5299999713897705,0.4699999988079071,0.43396225571632385,0.5106382966041565,0.9955456256866455,0.13263481855392456,1.3180278539657593,0.00801792647689581,0.306589275598526,-0.004454257898032665,0.13263481855392456,0
19,57,60,3,dispatch_decision_block,0.045919932425022125,0.014490407891571522,0.08637356758117676,0.019238298758864403,1.0,0.0,1.0,1.0,0.16739599406719208,0.12784552574157715,0.4930535852909088,-0.17827589809894562,1.0,0.0,1.0,1.0,0.16739599406719208,0.12784552574157715,0.4930535852909088,-0.17827589809894562,0.15776455402374268,0.2122446596622467,0.6861709952354431,-0.461667001247406,-0.009631439112126827,0.18130718171596527,0.3510587215423584,-0.6372035145759583,-0.009631439112126827,0.18130718171596527,0.3510587215423584,-0.6372035145759583,0.17000000178813934,0.2199999988079071,0.24444444477558136,0.20000000298023224,0.9973095059394836,0.0980645939707756,1.2725036144256592,0.01306827086955309,0.20007158815860748,-0.0026904321275651455,0.0980645939707756,0
20,60,63,3,dispatch_decision_block,0.050577446818351746,0.02131129987537861,0.09834721684455872,0.016241036355495453,1.0,0.0,1.0,1.0,-0.1564747542142868,0.1050613671541214,0.14065919816493988,-0.36680662631988525,1.0,0.0,1.0,1.0,-0.1564747542142868,0.1050613671541214,0.14065919816493988,-0.36680662631988525,-0.15849298238754272,0.27472352981567383,0.6011413335800171,-1.0045418739318848,-0.002018232364207506,0.26102080941200256,0.8538046479225159,-0.7497250437736511,-0.002018232364207506,0.26102080941200256,0.8538046479225159,-0.7497250437736511,0.2199999988079071,0.33000001311302185,0.3478260934352875,0.31481480598449707,0.9905338287353516,0.14594291150569916,1.4950429201126099,-0.041876524686813354,0.23584847152233124,-0.009466158226132393,0.14594291150569916,0
21,63,66,3,dispatch_decision_block,0.03887900710105896,0.023728130385279655,0.11232619732618332,0.0021968199871480465,1.0,0.0,1.0,1.0,-0.11686138063669205,0.12687981128692627,0.22076605260372162,-0.6339094042778015,1.0,0.0,1.0,1.0,-0.11686138063669205,0.12687981128692627,0.22076605260372162,-0.6339094042778015,-0.1108027994632721,0.4858016073703766,1.1369678974151611,-1.2471691370010376,0.0060585737228393555,0.473175585269928,1.1099351644515991,-1.162564754486084,0.0060585737228393555,0.473175585269928,1.1099351644515991,-1.162564754486084,0.5299999713897705,0.5799999833106995,0.6226415038108826,0.5319148898124695,0.9352428913116455,0.14604602754116058,1.2949175834655762,-0.007213733624666929,0.23736771941184998,-0.06475718319416046,0.14604602754116058,0
22,66,69,3,dispatch_decision_block,0.03888487443327904,0.02347561903297901,0.09818408638238907,0.0015399098629131913,1.0,0.0,1.0,1.0,-0.18770502507686615,0.15519599616527557,0.24018672108650208,-0.5632259845733643,1.0,0.0,1.0,1.0,-0.18770502507686615,0.15519599616527557,0.24018672108650208,-0.5632259845733643,-0.19058699905872345,0.5096874833106995,1.1928744316101074,-1.2725622653961182,-0.002881967928260565,0.4597790241241455,1.1799744367599487,-1.1588023900985718,-0.002881967928260565,0.4597790241241455,1.1799744367599487,-1.1588023900985718,0.5699999928474426,0.28999999165534973,0.19607843458652496,0.3877550959587097,1.0043238401412964,0.12722525000572205,1.3838376998901367,0.02043323963880539,0.3521420359611511,0.00432388111948967,0.12722525000572205,0
23,69,72,3,dispatch_decision_block,0.05179128050804138,0.01494293287396431,0.09528553485870361,0.021283471956849098,1.0,0.0,1.0,1.0,-0.22915855050086975,0.14484751224517822,0.124259352684021,-0.6346794366836548,1.0,0.0,1.0,1.0,-0.22915855050086975,0.14484751224517822,0.124259352684021,-0.6346794366836548,-0.2235439121723175,0.22568178176879883,0.38146644830703735,-0.7763423919677734,0.005614646710455418,0.20518720149993896,0.6558464765548706,-0.557461142539978,0.005614646710455418,0.20518720149993896,0.6558464765548706,-0.557461142539978,0.1899999976158142,0.41999998688697815,0.4897959232330322,0.3529411852359772,0.9822981357574463,0.12164881080389023,1.2791951894760132,0.007061258424073458,0.35444149374961853,-0.017701810225844383,0.12164881080389023,0
0,0,3,3,dispatch_decision_block,0.04613390564918518,0.019729895517230034,0.09614812582731247,0.015168676152825356,1.0,0.0,1.0,1.0,-0.207562655210495,0.15010888874530792,0.18529489636421204,-0.4916187822818756,1.0,0.0,1.0,1.0,-0.207562655210495,0.15010888874530792,0.18529489636421204,-0.4916187822818756,-0.19904163479804993,0.3341033160686493,0.6675384640693665,-1.2393893003463745,0.008521027863025665,0.2963200807571411,0.7188507318496704,-0.9584370851516724,0.008521027863025665,0.2963200807571411,0.7188507318496704,-0.9584370851516724,0.33000001311302185,0.6700000166893005,0.7017543911933899,0.6279069781303406,0.9698935151100159,0.21824561059474945,1.7756233215332031,-0.011342918500304222,0.22744396328926086,-0.03010646067559719,0.21824561059474945,1
1,3,6,3,dispatch_decision_block,0.031157445162534714,0.01976928673684597,0.08890368789434433,7.160323889365827e-08,1.0,0.0,1.0,1.0,0.2591714560985565,0.10510548949241638,0.8149192333221436,-0.0184757262468338,1.0,0.0,1.0,1.0,0.2591714560985565,0.10510548949241638,0.8149192333221436,-0.0184757262468338,0.2531032860279083,0.4544942378997803,1.6376243829727173,-0.8749562501907349,-0.006068148650228977,0.44732144474983215,1.3388283252716064,-1.0459057092666626,-0.006068148650228977,0.44732144474983215,1.3388283252716064,-1.0459057092666626,0.5699999928474426,0.5799999833106995,0.5319148898124695,0.6226415038108826,0.9914817810058594,0.2088783234357834,2.0896027088165283,0.015474722720682621,0.11591970175504684,-0.00851807277649641,0.20887833833694458,1
2,6,9,3,dispatch_decision_block,0.03469259291887283,0.020602906122803688,0.0955573320388794,7.160323889365827e-08,1.0,0.0,1.0,1.0,-0.0521412268280983,0.1165650263428688,0.4254271686077118,-0.28377169370651245,1.0,0.0,1.0,1.0,-0.0521412268280983,0.1165650263428688,0.4254271686077118,-0.28377169370651245,-0.056989919394254684,0.4707171618938446,1.3929970264434814,-1.2240188121795654,-0.004848690237849951,0.4477870762348175,1.5327210426330566,-1.0391192436218262,-0.004848690237849951,0.4477870762348175,1.5327210426330566,-1.0391192436218262,0.550000011920929,0.6899999976158142,0.6326530575752258,0.7450980544090271,1.0060213804244995,0.2395416796207428,2.3465397357940674,-0.02011626958847046,0.2426074892282486,0.006021363660693169,0.2395416796207428,1
3,9,12,3,dispatch_decision_block,0.0466940738260746,0.015019060112535954,0.09565185010433197,0.00942487083375454,1.0,0.0,1.0,1.0,0.04121450334787369,0.0723024532198906,0.3896855115890503,-0.12214019149541855,1.0,0.0,1.0,1.0,0.04121450334787369,0.0723024532198906,0.3896855115890503,-0.12214019149541855,0.04089183360338211,0.22586695849895477,0.6658738851547241,-0.6644547581672668,-0.0003226703265681863,0.22844842076301575,0.6587916612625122,-0.6300109624862671,-0.0003226703265681863,0.22844842076301575,0.6587916612625122,-0.6300109624862671,0.20999999344348907,0.47999998927116394,0.4716981053352356,0.4893617033958435,1.0158169269561768,0.23371180891990662,2.5341153144836426,0.025162208825349808,0.19626997411251068,0.015816934406757355,0.23371180891990662,1
4,12,15,3,dispatch_decision_block,0.05078211426734924,0.01843412034213543,0.11108727753162384,0.02045089192688465,1.0,0.0,1.0,1.0,0.029916148632764816,0.11408068984746933,0.22178511321544647,-0.610211193561554,1.0,0.0,1.0,1.0,0.029916148632764816,0.11408068984746933,0.22178511321544647,-0.610211193561554,0.029504744336009026,0.29123273491859436,0.667343020439148,-0.8637315034866333,-0.00041140319081023335,0.28081226348876953,0.7226619124412537,-0.8034862875938416,-0.00041140319081023335,0.28081226348876953,0.7226619124412537,-0.8034862875938416,0.25,0.6000000238418579,0.5625,0.6346153616905212,0.9656884074211121,0.2040003389120102,1.838979959487915,0.024803340435028076,0.25775524973869324,-0.034311629831790924,0.2040003389120102,1
5,15,18,3,dispatch_decision_block,0.03942002356052399,0.02255311794579029,0.10516760498285294,7.160323889365827e-08,1.0,0.0,1.0,1.0,-0.14393600821495056,0.07950572669506073,0.10179969668388367,-0.3208969831466675,1.0,0.0,1.0,1.0,-0.14393600821495056,0.07950572669506073,0.10179969668388367,-0.3208969831466675,-0.1529390960931778,0.5167526006698608,1.3174875974655151,-1.469616174697876,-0.00900309532880783,0.506837010383606,1.4039337635040283,-1.3112633228302002,-0.00900309532880783,0.506837010383606,1.4039337635040283,-1.3112633228302002,0.5600000023841858,0.5099999904632568,0.529411792755127,0.4897959232330322,0.9950813055038452,0.21601232886314392,1.771686315536499,0.008926056325435638,0.1406756490468979,-0.004918632097542286,0.21601232886314392,1
6,18,21,3,dispatch_decision_block,0.03617144003510475,0.024221379309892654,0.10155734419822693,7.160323889365827e-08,1.0,0.0,1.0,1.0,0.06133653596043587,0.0949295312166214,0.23511439561843872,-0.30814236402511597,1.0,0.0,1.0,1.0,0.06133653596043587,0.0949295312166214,0.23511439561843872,-0.30814236402511597,0.05139608308672905,0.5238170623779297,1.5221015214920044,-1.1179050207138062,-0.009940450079739094,0.5180994272232056,1.4737166166305542,-1.230265736579895,-0.009940450079739094,0.5180994272232056,1.4737166166305542,-1.230265736579895,0.5899999737739563,0.7099999785423279,0.7291666865348816,0.692307710647583,0.9730107188224792,0.221985325217247,1.5189088582992554,0.04025821387767792,0.15371952950954437,-0.026989204809069633,0.221985325217247,1
7,21,24,3,dispatch_decision_block,0.046736251562833786,0.014271571300923824,0.0797065794467926,0.01764925755560398,1.0,0.0,1.0,1.0,0.07858260720968246,0.11007077246904373,0.35860559344291687,-0.24317827820777893,1.0,0.0,1.0,1.0,0.07858260720968246,0.11007077246904373,0.35860559344291687,-0.24317827820777893,0.0718141570687294,0.22234933078289032,0.613084077835083,-0.49798285961151123,-0.006768457125872374,0.20034286379814148,0.4797438979148865,-0.48008793592453003,-0.006768457125872374,0.20034286379814148,0.4797438979148865,-0.48008793592453003,0.17000000178813934,0.6800000071525574,0.761904776096344,0.6206896305084229,0.9424588084220886,0.21369606256484985,1.542595624923706,0.04831765219569206,0.3072170913219452,-0.05754118785262108,0.21369606256484985,1
8,24,27,3,dispatch_decision_block,0.05522698909044266,0.021931806579232216,0.12288524210453033,0.01790088228881359,1.0,0.0,1.0,1.0,0.3141579329967499,0.08260650932788849,0.4315524697303772,-0.021470077335834503,1.0,0.0,1.0,1.0,0.3141579329967499,0.08260650932788849,0.4315524697303772,-0.021470077335834503,0.2945743799209595,0.37191659212112427,1.1900050640106201,-0.7855564951896667,-0.01958354189991951,0.36043235659599304,0.8133052587509155,-1.0115625858306885,-0.01958354189991951,0.36043235659599304,0.8133052587509155,-1.0115625858306885,0.36000001430511475,0.6299999952316284,0.695652186870575,0.5740740895271301,1.0096698999404907,0.20863460004329681,1.5621949434280396,0.022483721375465393,0.1371762603521347,0.009669968858361244,0.20863460004329681,1
9,27,30,3,dispatch_decision_block,0.037930287420749664,0.0253037977963686,0.12583976984024048,0.00022054743021726608,1.0,0.0,1.0,1.0,-0.23020248115062714,0.07164712995290756,0.14051553606987,-0.39422839879989624,1.0,0.0,1.0,1.0,-0.23020248115062714,0.07164712995290756,0.14051553606987,-0.39422839879989624,-0.22787967324256897,0.5665460228919983,1.1960301399230957,-1.9192198514938354,0.0023228025529533625,0.5574003458023071,1.375598430633545,-1.6733522415161133,0.0023228025529533625,0.5574003458023071,1.375598430633545,-1.6733522415161133,0.6000000238418579,0.7599999904632568,0.8260869383811951,0.7037037014961243,0.9777143597602844,0.30006080865859985,2.1395263671875,-0.007494716439396143,0.1956109255552292,-0.02228553220629692,0.30006080865859985,1
10,30,33,3,dispatch_decision_block,0.037521179765462875,0.02487225830554962,0.1198807880282402,0.00019707070896402001,1.0,0.0,1.0,1.0,-0.18573570251464844,0.07503916323184967,0.158079594373703,-0.37292957305908203,1.0,0.0,1.0,1.0,-0.18573570251464844,0.07503916323184967,0.158079594373703,-0.37292957305908203,-0.18833479285240173,0.5573811531066895,1.1524999141693115,-1.6337121725082397,-0.0025991022121161222,0.5563518404960632,1.3125845193862915,-1.4779460430145264,-0.0025991022121161222,0.5563518404960632,1.3125845193862915,-1.4779460430145264,0.550000011920929,0.5799999833106995,0.5581395626068115,0.5964912176132202,0.9525764584541321,0.18237747251987457,1.5120238065719604,0.011390271596610546,0.15037454664707184,-0.047423552721738815,0.18237747251987457,1
11,33,36,3,dispatch_decision_block,0.05124868452548981,0.016339294612407684,0.09653685986995697,0.019063932821154594,1.0,0.0,1.0,1.0,-0.3018673360347748,0.1409195363521576,0.19513100385665894,-0.5298407077789307,1.0,0.0,1.0,1.0,-0.3018673360347748,0.1409195363521576,0.19513100385665894,-0.5298407077789307,-0.30289557576179504,0.2540942430496216,0.32571420073509216,-0.9723905324935913,-0.0010282313451170921,0.2354956716299057,0.4970986843109131,-0.5604594945907593,-0.0010282313451170921,0.2354956716299057,0.4970986843109131,-0.5604594945907593,0.2800000011920929,0.6000000238418579,0.5283018946647644,0.6808510422706604,0.9863373041152954,0.24980022013187408,2.1570279598236084,0.005618381313979626,0.19119545817375183,-0.013662760145962238,0.24980022013187408,1
12,36,39,3,dispatch_decision_block,0.04347960650920868,0.01599232479929924,0.09391039609909058,0.01750919036567211,1.0,0.0,1.0,1.0,-0.06977646797895432,0.0675438717007637,0.22085730731487274,-0.23437030613422394,1.0,0.0,1.0,1.0,-0.06977646797895432,0.0675438717007637,0.22085730731487274,-0.23437030613422394,-0.07238291949033737,0.2416248321533203,0.6690511107444763,-0.6823897957801819,-0.002606442663818598,0.24591967463493347,0.7566056847572327,-0.5722058415412903,-0.002606442663818598,0.24591967463493347,0.7566056847572327,-0.5722058415412903,0.2199999988079071,0.699999988079071,0.6808510422706604,0.7169811129570007,0.947672426700592,0.2628003656864166,1.894008994102478,0.024111472070217133,0.2676089107990265,-0.052327558398246765,0.2628003656864166,1
13,39,42,3,dispatch_decision_block,0.030037948861718178,0.016062220558524132,0.08811032772064209,0.0010299563873559237,1.0,0.0,1.0,1.0,0.04406600818037987,0.08571828901767731,0.18265239894390106,-0.2912619411945343,1.0,0.0,1.0,1.0,0.04406600818037987,0.08571828901767731,0.18265239894390106,-0.2912619411945343,0.048658113926649094,0.3982928693294525,1.1869149208068848,-0.9698489904403687,0.00459210854023695,0.3925708532333374,1.0972001552581787,-1.1064530611038208,0.00459210854023695,0.3925708532333374,1.0972001552581787,-1.1064530611038208,0.46000000834465027,0.6499999761581421,0.5799999833106995,0.7200000286102295,1.0413345098495483,0.31787627935409546,2.93669056892395,0.025447357445955276,0.21753518283367157,0.041334494948387146,0.31787627935409546,1
14,42,45,3,dispatch_decision_block,0.034806109964847565,0.017991000786423683,0.09726493060588837,0.004680832847952843,1.0,0.0,1.0,1.0,-0.10114695876836777,0.12596601247787476,0.37229621410369873,-0.3823639452457428,1.0,0.0,1.0,1.0,-0.10114695876836777,0.12596601247787476,0.37229621410369873,-0.3823639452457428,-0.09668100625276566,0.43590018153190613,1.1357897520065308,-1.252662181854248,0.004465949721634388,0.43244269490242004,1.1411491632461548,-1.0501338243484497,0.004465949721634388,0.43244269490242004,1.1411491632461548,-1.0501338243484497,0.5199999809265137,0.6200000047683716,0.5400000214576721,0.699999988079071,0.9833457469940186,0.19976286590099335,1.5663050413131714,0.005397663917392492,0.18523363769054413,-0.01665428653359413,0.19976285099983215,1
15,45,48,3,dispatch_decision_block,0.042501334100961685,0.014729313552379608,0.08337011933326721,0.015260540880262852,1.0,0.0,1.0,1.0,0.008060168474912643,0.1289912313222885,0.3471810519695282,-0.5575634241104126,1.0,0.0,1.0,1.0,0.008060168474912643,0.1289912313222885,0.3471810519695282,-0.5575634241104126,0.009050603024661541,0.242227241396904,0.6686681509017944,-0.6329387426376343,0.000990434898994863,0.20552296936511993,0.5501255989074707,-0.4581150412559509,0.000990434898994863,0.20552296936511993,0.5501255989074707,-0.4581150412559509,0.1599999964237213,0.5699999928474426,0.6041666865348816,0.5384615659713745,0.9686648845672607,0.21256287395954132,1.5763143301010132,-0.030154142528772354,0.24531351029872894,-0.03133523091673851,0.21256287395954132,1
16,48,51,3,dispatch_decision_block,0.05034031718969345,0.021408991888165474,0.12936998903751373,0.017500249668955803,1.0,0.0,1.0,1.0,-0.14247247576713562,0.0868329256772995,0.1577787697315216,-0.4934319853782654,1.0,0.0,1.0,1.0,-0.14247247576713562,0.0868329256772995,0.1577787697315216,-0.4934319853782654,-0.1345733106136322,0.27725332975387573,0.5746023654937744,-0.8912864327430725,0.007899169810116291,0.2795300781726837,0.678675651550293,-0.8516594767570496,0.007899169810116291,0.2795300781726837,0.678675651550293,-0.8516594767570496,0.28999999165534973,0.6200000047683716,0.6909090876579285,0.5333333611488342,0.986590564250946,0.26612409949302673,2.01757550239563,0.00010090112482430413,0.2568836808204651,-0.013409405015408993,0.26612409949302673,1
17,51,54,3,dispatch_decision_block,0.03913038223981857,0.026877889409661293,0.1312190741300583,0.0018833300564438105,1.0,0.0,1.0,1.0,-0.2493334263563156,0.11195671558380127,0.03731808066368103,-0.8262438774108887,1.0,0.0,1.0,1.0,-0.2493334263563156,0.11195671558380127,0.03731808066368103,-0.8262438774108887,-0.22911685705184937,0.6034411191940308,1.448339819908142,-1.7264816761016846,0.020216574892401695,0.5857915282249451,1.743080496788025,-1.3709776401519775,0.020216574892401695,0.5857915282249451,1.743080496788025,-1.3709776401519775,0.6000000238418579,0.6899999976158142,0.5882353186607361,0.795918345451355,0.9852041602134705,0.24815471470355988,1.7095435857772827,0.06131746247410774,0.2613907754421234,-0.014795858412981033,0.24815471470355988,1
18,54,57,3,dispatch_decision_block,0.03641195222735405,0.027128135785460472,0.1312190741300583,0.0017656516283750534,1.0,0.0,1.0,1.0,0.16455836594104767,0.09659767150878906,0.5915718078613281,-0.03828993812203407,1.0,0.0,1.0,1.0,0.16455836594104767,0.09659767150878906,0.5915718078613281,-0.03828993812203407,0.17258571088314056,0.6064229607582092,1.6610132455825806,-1.574957013130188,0.008027348667383194,0.6056239604949951,1.456264853477478,-1.6595184803009033,0.008027348667383194,0.6056239604949951,1.456264853477478,-1.6595184803009033,0.6000000238418579,0.6000000238418579,0.6200000047683716,0.5799999833106995,0.9524073600769043,0.22722290456295013,2.0036191940307617,0.04740229249000549,0.28858351707458496,-0.047592610120773315,0.22722290456295013,1
19,57,60,3,dispatch_decision_block,0.044271670281887054,0.013351128436625004,0.07788641005754471,0.01068836823105812,1.0,0.0,1.0,1.0,0.17239879071712494,0.12699204683303833,0.42058995366096497,-0.19886939227581024,1.0,0.0,1.0,1.0,0.17239879071712494,0.12699204683303833,0.42058995366096497,-0.19886939227581024,0.1664307415485382,0.25930413603782654,0.722649872303009,-0.4509789049625397,-0.005968055222183466,0.23455365002155304,0.5914242267608643,-0.6098171472549438,-0.005968055222183466,0.23455365002155304,0.5914242267608643,-0.6098171472549438,0.23000000417232513,0.6499999761581421,0.6481481194496155,0.6521739363670349,0.9855230450630188,0.26977333426475525,2.1535139083862305,0.03171177953481674,0.20712731778621674,-0.014476887881755829,0.26977333426475525,1
20,60,63,3,dispatch_decision_block,0.04991421848535538,0.02245006337761879,0.1029420793056488,0.01794654130935669,1.0,0.0,1.0,1.0,-0.29608437418937683,0.11401490867137909,0.007206454873085022,-0.5601476430892944,1.0,0.0,1.0,1.0,-0.29608437418937683,0.11401490867137909,0.007206454873085022,-0.5601476430892944,-0.2975962162017822,0.3647345304489136,0.5994207262992859,-1.3211783170700073,-0.0015118687879294157,0.34264349937438965,0.7980777025222778,-0.900526225566864,-0.0015118687879294157,0.34264349937438965,0.7980777025222778,-0.900526225566864,0.3100000023841858,0.75,0.7307692170143127,0.7708333134651184,0.9274551868438721,0.2999036908149719,2.170653820037842,-0.003924614749848843,0.21645961701869965,-0.07254484295845032,0.2999036908149719,1
21,63,66,3,dispatch_decision_block,0.03312394767999649,0.023158330470323563,0.10377630591392517,2.8248265152797103e-05,1.0,0.0,1.0,1.0,-0.03244127705693245,0.0650729164481163,0.25474804639816284,-0.30349424481391907,1.0,0.0,1.0,1.0,-0.03244127705693245,0.0650729164481163,0.25474804639816284,-0.30349424481391907,-0.02477707341313362,0.4803946316242218,1.3084454536437988,-1.3974871635437012,0.007664201315492392,0.4754270315170288,1.2667087316513062,-1.3651598691940308,0.007664201315492392,0.4754270315170288,1.2667087316513062,-1.3651598691940308,0.4699999988079071,0.7200000286102295,0.75,0.6875,0.9489514231681824,0.24081607162952423,1.6675235033035278,0.0014833032619208097,0.1921415627002716,-0.0510486364364624,0.24081607162952423,1
22,66,69,3,dispatch_decision_block,0.033408746123313904,0.023115016520023346,0.09680865705013275,0.0002522866998333484,1.0,0.0,1.0,1.0,0.10990375280380249,0.14214402437210083,0.46441373229026794,-0.19136518239974976,1.0,0.0,1.0,1.0,0.10990375280380249,0.14214402437210083,0.46441373229026794,-0.19136518239974976,0.11189275979995728,0.5007086396217346,1.0540567636489868,-1.397141933441162,0.0019890093244612217,0.47108063101768494,1.0777429342269897,-1.6405190229415894,0.0019890093244612217,0.47108063101768494,1.0777429342269897,-1.6405190229415894,0.4699999988079071,0.5699999928474426,0.5600000023841858,0.5799999833106995,0.9807130694389343,0.20965567231178284,2.0347845554351807,0.019239580258727074,0.1719456911087036,-0.019287001341581345,0.20965567231178284,1
23,69,72,3,dispatch_decision_block,0.04885879531502724,0.017216108739376068,0.11113792657852173,0.020139936357736588,1.0,0.0,1.0,1.0,-0.31770846247673035,0.16107036173343658,0.09983154386281967,-0.6203397512435913,1.0,0.0,1.0,1.0,-0.31770846247673035,0.16107036173343658,0.09983154386281967,-0.6203397512435913,-0.3153638541698456,0.2721734046936035,0.4586401879787445,-1.0406994819641113,0.0023446022532880306,0.21579059958457947,0.6175864934921265,-0.603376030921936,0.0023446022532880306,0.21579059958457947,0.6175864934921265,-0.603376030921936,0.1899999976158142,0.6499999761581421,0.6538461446762085,0.6458333134651184,0.9575517177581787,0.2243623286485672,1.4632680416107178,0.006309811025857925,0.328181654214859,-0.04244827851653099,0.2243623286485672,1
0,0,3,3,dispatch_decision_block,0.04404959827661514,0.017349032685160637,0.08637913316488266,0.016538700088858604,1.0,0.0,1.0,1.0,-0.23044715821743011,0.17500582337379456,0.23305611312389374,-0.604525625705719,1.0,0.0,1.0,1.0,-0.23044715821743011,0.17500582337379456,0.23305611312389374,-0.604525625705719,-0.23140369355678558,0.3333020806312561,0.433529257774353,-1.1550449132919312,-0.0009565305663272738,0.2758229672908783,0.8345009088516235,-0.9000687599182129,-0.0009565305663272738,0.2758229672908783,0.8345009088516235,-0.9000687599182129,0.25999999046325684,0.5799999833106995,0.5925925970077515,0.5652173757553101,1.021500587463379,0.2712647616863251,2.1768507957458496,0.022805169224739075,0.21558591723442078,0.021500656381249428,0.2712647616863251,2
1,3,6,3,dispatch_decision_block,0.034926872700452805,0.018977440893650055,0.09165996313095093,6.440195221557588e-08,1.0,0.0,1.0,1.0,-0.07043275237083435,0.17402835190296173,0.7229456901550293,-0.8923651576042175,1.0,0.0,1.0,1.0,-0.07043275237083435,0.17402835190296173,0.7229456901550293,-0.8923651576042175,-0.07530489563941956,0.4332592487335205,1.0935742855072021,-0.9242359399795532,-0.004872150253504515,0.399927020072937,1.0368281602859497,-0.9576070308685303,-0.004872150253504515,0.399927020072937,1.0368281602859497,-0.9576070308685303,0.550000011920929,0.5199999809265137,0.48076921701431274,0.5625,0.9624527096748352,0.15564492344856262,1.5628803968429565,0.021362727507948875,0.22086940705776215,-0.03754722699522972,0.15564492344856262,2
2,6,9,3,dispatch_decision_block,0.03828167915344238,0.020206591114401817,0.09356024861335754,6.440195221557588e-08,1.0,0.0,1.0,1.0,-0.2957724928855896,0.17357948422431946,0.3530743718147278,-0.6098110675811768,1.0,0.0,1.0,1.0,-0.2957724928855896,0.17357948422431946,0.3530743718147278,-0.6098110675811768,-0.2984692454338074,0.4258268475532532,1.162178635597229,-1.0854663848876953,-0.0026967287994921207,0.3879146873950958,0.9772102236747742,-0.7798255681991577,-0.0026967287994921207,0.3879146873950958,0.9772102236747742,-0.7798255681991577,0.5600000023841858,0.6600000262260437,0.6415094137191772,0.6808510422706604,0.9614831805229187,0.2666724920272827,1.8575316667556763,0.007008933927863836,0.27471885085105896,-0.03851691260933876,0.2666724920272827,2
3,9,12,3,dispatch_decision_block,0.04734305292367935,0.012675642035901546,0.07747901976108551,0.01506761647760868,1.0,0.0,1.0,1.0,-0.24457164108753204,0.12313203513622284,0.19669365882873535,-0.5943448543548584,1.0,0.0,1.0,1.0,-0.24457164108753204,0.12313203513622284,0.19669365882873535,-0.5943448543548584,-0.2477605640888214,0.22612938284873962,0.4207940995693207,-0.7797045707702637,-0.003188924165442586,0.22457493841648102,0.6690344214439392,-0.8700574636459351,-0.003188924165442586,0.22457493841648102,0.6690344214439392,-0.8700574636459351,0.1599999964237213,0.5199999809265137,0.4901960790157318,0.5510203838348389,1.028935432434082,0.20149782299995422,1.7629021406173706,0.026202736422419548,0.2224242240190506,0.028935518115758896,0.20149782299995422,2
4,12,15,3,dispatch_decision_block,0.0506509505212307,0.01624188758432865,0.08269939571619034,0.021061386913061142,1.0,0.0,1.0,1.0,0.12943868339061737,0.14999409019947052,0.3695278763771057,-0.4044782221317291,1.0,0.0,1.0,1.0,0.12943868339061737,0.14999409019947052,0.3695278763771057,-0.4044782221317291,0.1273200362920761,0.29561325907707214,1.0951974391937256,-0.5767760276794434,-0.0021186459343880415,0.2653752267360687,0.8313124179840088,-0.584571123123169,-0.0021186459343880415,0.2653752267360687,0.8313124179840088,-0.584571123123169,0.33000001311302185,0.6000000238418579,0.6808510422706604,0.5283018946647644,0.9573334455490112,0.17846781015396118,1.6002318859100342,0.025008298456668854,0.2249348759651184,-0.042666640132665634,0.17846781015396118,2
5,15,18,3,dispatch_decision_block,0.036676112562417984,0.019422726705670357,0.10118897259235382,0.00363221880979836,1.0,0.0,1.0,1.0,0.4030528962612152,0.16554245352745056,0.6433167457580566,-0.12429708987474442,1.0,0.0,1.0,1.0,0.4030528962612152,0.16554245352745056,0.6433167457580566,-0.12429708987474442,0.39794445037841797,0.45188501477241516,1.491642713546753,-0.6680017709732056,-0.0051084281876683235,0.4373947083950043,0.9113398194313049,-1.044601321220398,-0.0051084281876683235,0.4373947083950043,0.9113398194313049,-1.044601321220398,0.5199999809265137,0.5099999904632568,0.4423076808452606,0.5833333134651184,0.9883052110671997,0.1657838225364685,1.7385739088058472,0.015081596560776234,0.11946218460798264,-0.01169478427618742,0.1657838225364685,2
6,18,21,3,dispatch_decision_block,0.033298589289188385,0.01987702026963234,0.10118897259235382,0.0039201220497488976,1.0,0.0,1.0,1.0,0.5563620924949646,0.2740303575992584,0.8599780201911926,-0.37997567653656006,1.0,0.0,1.0,1.0,0.5563620924949646,0.2740303575992584,0.8599780201911926,-0.37997567653656006,0.5488035678863525,0.5341982245445251,1.7033963203430176,-0.9813708066940308,-0.00755853159353137,0.465920090675354,0.9781196713447571,-1.051905870437622,-0.00755853159353137,0.465920090675354,0.9781196713447571,-1.051905870437622,0.6000000238418579,0.6000000238418579,0.6037735939025879,0.5957446694374084,0.9926596283912659,0.22404831647872925,1.8839253187179565,0.0363868772983551,0.21899743378162384,-0.0073403846472501755,0.22404831647872925,2
7,21,24,3,dispatch_decision_block,0.04874737560749054,0.01467144675552845,0.08499810099601746,0.016268307343125343,1.0,0.0,1.0,1.0,-0.04423358291387558,0.13273005187511444,0.36614444851875305,-0.4395783543586731,1.0,0.0,1.0,1.0,-0.04423358291387558,0.13273005187511444,0.36614444851875305,-0.4395783543586731,-0.04569301754236221,0.2586156725883484,0.8797913789749146,-0.5868366956710815,-0.0014594275271520019,0.22884690761566162,0.6882819533348083,-0.428615003824234,-0.0014594275271520019,0.22884690761566162,0.6882819533348083,-0.428615003824234,0.27000001072883606,0.6800000071525574,0.6888889074325562,0.6727272868156433,1.0016285181045532,0.2800104022026062,2.2059032917022705,-0.0019641686230897903,0.26167014241218567,0.0016285860911011696,0.2800104022026062,2
8,24,27,3,dispatch_decision_block,0.05326447635889053,0.018809188157320023,0.10498392581939697,0.022898048162460327,1.0,0.0,1.0,1.0,0.04724149405956268,0.08227579295635223,0.27289918065071106,-0.21141564846038818,1.0,0.0,1.0,1.0,0.04724149405956268,0.08227579295635223,0.27289918065071106,-0.21141564846038818,0.04303688928484917,0.3105313181877136,0.9641655087471008,-0.7727386355400085,-0.004204604774713516,0.29041677713394165,0.8773607015609741,-0.7810282111167908,-0.004204604774713516,0.29041677713394165,0.8773607015609741,-0.7810282111167908,0.27000001072883606,0.6600000262260437,0.6792452931404114,0.6382978558540344,0.9614524841308594,0.21093085408210754,1.6053721904754639,0.011264174245297909,0.1411784142255783,-0.038547590374946594,0.21093085408210754,2
9,27,30,3,dispatch_decision_block,0.03735903650522232,0.023295201361179352,0.12620000541210175,0.0007674384396523237,1.0,0.0,1.0,1.0,0.021384859457612038,0.08508744835853577,0.15272235870361328,-0.26549068093299866,1.0,0.0,1.0,1.0,0.021384859457612038,0.08508744835853577,0.15272235870361328,-0.26549068093299866,0.023229172453284264,0.495061457157135,1.658166527748108,-1.388489007949829,0.0018443226581439376,0.48589953780174255,1.5661957263946533,-1.2590281963348389,0.0018443226581439376,0.48589953780174255,1.5661957263946533,-1.2590281963348389,0.5400000214576721,0.5699999928474426,0.6111111044883728,0.52173912525177,0.9904283285140991,0.20988593995571136,1.6123425960540771,0.019236179068684578,0.18048427999019623,-0.00957164540886879,0.20988593995571136,2
10,30,33,3,dispatch_decision_block,0.03795192390680313,0.023480959236621857,0.1152808666229248,0.0008005300187505782,1.0,0.0,1.0,1.0,0.08232413977384567,0.11129818856716156,0.2929128110408783,-0.42413705587387085,1.0,0.0,1.0,1.0,0.08232413977384567,0.11129818856716156,0.2929128110408783,-0.42413705587387085,0.0796598270535469,0.5168641805648804,1.6817655563354492,-1.596193790435791,-0.002664332278072834,0.4941715598106384,1.5605623722076416,-1.4021354913711548,-0.002664332278072834,0.4941715598106384,1.5605623722076416,-1.4021354913711548,0.5699999928474426,0.6899999976158142,0.6538461446762085,0.7291666865348816,0.9908120632171631,0.23919014632701874,1.9475828409194946,-0.013415818102657795,0.1500326544046402,-0.009188015013933182,0.23919014632701874,2
11,33,36,3,dispatch_decision_block,0.04975427687168121,0.01558603160083294,0.09154180437326431,0.018255366012454033,1.0,0.0,1.0,1.0,-0.2513105869293213,0.14035958051681519,0.27822399139404297,-0.554802656173706,1.0,0.0,1.0,1.0,-0.2513105869293213,0.14035958051681519,0.27822399139404297,-0.554802656173706,-0.24532127380371094,0.24785687029361725,0.4684128165245056,-0.8034019470214844,0.005989322438836098,0.21099281311035156,0.6306243538856506,-0.48392370343208313,0.005989322438836098,0.21099281311035156,0.6306243538856506,-0.48392370343208313,0.1899999976158142,0.6499999761581421,0.6666666865348816,0.6346153616905212,1.002662181854248,0.2196035534143448,1.707521677017212,0.010317018255591393,0.12705156207084656,0.0026621115393936634,0.2196035534143448,2
12,36,39,3,dispatch_decision_block,0.04751395806670189,0.017966607585549355,0.09868387132883072,0.01754222810268402,1.0,0.0,1.0,1.0,0.11811339110136032,0.10284684598445892,0.3305259943008423,-0.2786555290222168,1.0,0.0,1.0,1.0,0.11811339110136032,0.10284684598445892,0.3305259943008423,-0.2786555290222168,0.11946684122085571,0.27224066853523254,1.0810418128967285,-0.8633477091789246,0.0013534260215237737,0.2696787416934967,0.9990081787109375,-0.7500239014625549,0.0013534260215237737,0.2696787416934967,0.9990081787109375,-0.7500239014625549,0.25,0.550000011920929,0.5918367505073547,0.5098039507865906,1.0068621635437012,0.16651985049247742,1.4560452699661255,0.026249423623085022,0.3084786534309387,0.006862076930701733,0.16651985049247742,2
13,39,42,3,dispatch_decision_block,0.031526293605566025,0.020039910450577736,0.10546142607927322,2.991097790072672e-05,1.0,0.0,1.0,1.0,-0.2792598307132721,0.16231103241443634,0.30041688680648804,-0.5242732763290405,1.0,0.0,1.0,1.0,-0.2792598307132721,0.16231103241443634,0.30041688680648804,-0.5242732763290405,-0.2740979492664337,0.4769362211227417,1.0196367502212524,-1.677008032798767,0.0051618837751448154,0.43415090441703796,1.3483211994171143,-1.286116600036621,0.0051618837751448154,0.43415090441703796,1.3483211994171143,-1.286116600036621,0.5099999904632568,0.6700000166893005,0.6800000071525574,0.6600000262260437,0.9656865000724792,0.2900037169456482,3.0626888275146484,0.010754558257758617,0.20052441954612732,-0.03431353718042374,0.2900037169456482,2
14,42,45,3,dispatch_decision_block,0.03770217299461365,0.020736701786518097,0.11833827942609787,0.003185272915288806,1.0,0.0,1.0,1.0,-0.22775745391845703,0.1785312294960022,0.3912469744682312,-0.4970228970050812,1.0,0.0,1.0,1.0,-0.22775745391845703,0.1785312294960022,0.3912469744682312,-0.4970228970050812,-0.22513224184513092,0.4927070140838623,1.1784608364105225,-1.54468834400177,0.0026252251118421555,0.4636632204055786,1.3760672807693481,-1.406577229499817,0.0026252251118421555,0.4636632204055786,1.3760672807693481,-1.406577229499817,0.5699999928474426,0.6399999856948853,0.6603773832321167,0.6170212626457214,0.9566521644592285,0.2208164781332016,1.4819777011871338,-0.022743454203009605,0.2598268389701843,-0.043347880244255066,0.2208164781332016,2
15,45,48,3,dispatch_decision_block,0.04669753089547157,0.01650928147137165,0.09490980207920074,0.021042611449956894,1.0,0.0,1.0,1.0,-0.10685011744499207,0.09795963019132614,0.21245336532592773,-0.5002071857452393,1.0,0.0,1.0,1.0,-0.10685011744499207,0.09795963019132614,0.21245336532592773,-0.5002071857452393,-0.10376831144094467,0.2303021401166916,0.4615585207939148,-0.6475954055786133,0.003081804607063532,0.2203787863254547,0.5826630592346191,-0.5512564778327942,0.003081804607063532,0.2203787863254547,0.5826630592346191,-0.5512564778327942,0.23999999463558197,0.5899999737739563,0.5957446694374084,0.5849056839942932,0.9824695587158203,0.16210512816905975,1.4172497987747192,-0.006745573133230209,0.20949314534664154,-0.017530400305986404,0.16210512816905975,2
16,48,51,3,dispatch_decision_block,0.0457148402929306,0.018125144764780998,0.09629392623901367,0.018164414912462234,1.0,0.0,1.0,1.0,0.09025198966264725,0.11973736435174942,0.2852640151977539,-0.43821483850479126,1.0,0.0,1.0,1.0,0.09025198966264725,0.11973736435174942,0.2852640151977539,-0.43821483850479126,0.08832567185163498,0.27972567081451416,0.7577662467956543,-0.699705183506012,-0.001926323166117072,0.273205041885376,0.7435665130615234,-0.8310461044311523,-0.001926323166117072,0.273205041885376,0.7435665130615234,-0.8310461044311523,0.25,0.5899999737739563,0.5769230723381042,0.6041666865348816,0.9870743751525879,0.24430881440639496,2.148996114730835,0.030380621552467346,0.30367568135261536,-0.012925641611218452,0.24430881440639496,2
17,51,54,3,dispatch_decision_block,0.03328441455960274,0.021686414256691933,0.08541399240493774,6.440195221557588e-08,1.0,0.0,1.0,1.0,0.017381824553012848,0.11855874955654144,0.2841867208480835,-0.3096514046192169,1.0,0.0,1.0,1.0,0.017381824553012848,0.11855874955654144,0.2841867208480835,-0.3096514046192169,0.013900581747293472,0.4655960500240326,1.1418037414550781,-1.0441234111785889,-0.003481245134025812,0.46598613262176514,0.9798989295959473,-1.061219573020935,-0.003481245134025812,0.46598613262176514,0.9798989295959473,-1.061219573020935,0.6000000238418579,0.7099999785423279,0.6600000262260437,0.7599999904632568,1.0079700946807861,0.27454984188079834,2.0348000526428223,0.021055465564131737,0.23040996491909027,0.007970187813043594,0.27454984188079834,2
18,54,57,3,dispatch_decision_block,0.032940544188022614,0.02154025249183178,0.08091966062784195,6.440195221557588e-08,1.0,0.0,1.0,1.0,0.13026133179664612,0.1434818059206009,0.5949907302856445,-0.41222310066223145,1.0,0.0,1.0,1.0,0.13026133179664612,0.1434818059206009,0.5949907302856445,-0.41222310066223145,0.11634289473295212,0.4568445682525635,1.0986928939819336,-0.9426618814468384,-0.013918429613113403,0.4413071572780609,0.9854715466499329,-1.0872732400894165,-0.013918429613113403,0.4413071572780609,0.9854715466499329,-1.0872732400894165,0.550000011920929,0.6200000047683716,0.5,0.7307692170143127,0.9925512075424194,0.2682948708534241,2.552236795425415,0.027274809777736664,0.15660598874092102,-0.0074488315731287,0.2682948708534241,2
19,57,60,3,dispatch_decision_block,0.05015306547284126,0.01493175607174635,0.09067469090223312,0.011103169992566109,1.0,0.0,1.0,1.0,0.08805282413959503,0.14052435755729675,0.4201480746269226,-0.2438763976097107,1.0,0.0,1.0,1.0,0.08805282413959503,0.14052435755729675,0.4201480746269226,-0.2438763976097107,0.08902636170387268,0.2589181959629059,0.7598013281822205,-0.5124248266220093,0.0009735515923239291,0.23408213257789612,0.5297789573669434,-0.6841020584106445,0.0009735515923239291,0.23408213257789612,0.5297789573669434,-0.6841020584106445,0.25,0.6399999856948853,0.6800000071525574,0.6000000238418579,0.960374653339386,0.21260225772857666,1.5914653539657593,0.005408344324678183,0.19833679497241974,-0.03962530195713043,0.21260225772857666,2
20,60,63,3,dispatch_decision_block,0.04781871289014816,0.01882552169263363,0.10143633186817169,0.020373379811644554,1.0,0.0,1.0,1.0,0.014139566570520401,0.09734634310007095,0.2713790535926819,-0.2639580965042114,1.0,0.0,1.0,1.0,0.014139566570520401,0.09734634310007095,0.2713790535926819,-0.2639580965042114,0.011030580848455429,0.36577850580215454,1.0131511688232422,-0.9505349397659302,-0.003108978271484375,0.35948196053504944,1.133819818496704,-0.9515054225921631,-0.003108978271484375,0.35948196053504944,1.133819818496704,-0.9515054225921631,0.36000001430511475,0.5799999833106995,0.5799999833106995,0.5799999833106995,0.99712073802948,0.2583896517753601,2.1445958614349365,0.004164067097008228,0.17178694903850555,-0.002879234030842781,0.2583896517753601,2
21,63,66,3,dispatch_decision_block,0.03324546664953232,0.021775027737021446,0.10516103357076645,0.00035926542477682233,1.0,0.0,1.0,1.0,-0.15412431955337524,0.09198754280805588,0.300739586353302,-0.3124120831489563,1.0,0.0,1.0,1.0,-0.15412431955337524,0.09198754280805588,0.300739586353302,-0.3124120831489563,-0.15998953580856323,0.502363383769989,1.381089687347412,-1.7119609117507935,-0.00586520554497838,0.4801444411277771,1.5658494234085083,-1.5345494747161865,-0.00586520554497838,0.4801444411277771,1.5658494234085083,-1.5345494747161865,0.49000000953674316,0.5799999833106995,0.5490196347236633,0.6122449040412903,0.987637460231781,0.21170754730701447,1.858857274055481,0.017047487199306488,0.23210874199867249,-0.01236250065267086,0.21170754730701447,2
22,66,69,3,dispatch_decision_block,0.032682403922080994,0.022012462839484215,0.09738562256097794,0.0002067153254756704,1.0,0.0,1.0,1.0,-0.06305178254842758,0.151446133852005,0.37817126512527466,-0.453779935836792,1.0,0.0,1.0,1.0,-0.06305178254842758,0.151446133852005,0.37817126512527466,-0.453779935836792,-0.07074788212776184,0.5043275952339172,1.6576064825057983,-1.3069957494735718,-0.00769610982388258,0.48856616020202637,1.7698092460632324,-1.2906534671783447,-0.00769610982388258,0.48856616020202637,1.7698092460632324,-1.2906534671783447,0.5,0.5799999833106995,0.5957446694374084,0.5660377144813538,0.9914581179618835,0.2729087471961975,2.261441230773926,0.004828768782317638,0.205053448677063,-0.008541804738342762,0.2729087471961975,2
23,69,72,3,dispatch_decision_block,0.04841664433479309,0.015384064055979252,0.09519115835428238,0.021415647119283676,1.0,0.0,1.0,1.0,0.0579705536365509,0.15395966172218323,0.41706064343452454,-0.373939573764801,1.0,0.0,1.0,1.0,0.0579705536365509,0.15395966172218323,0.41706064343452454,-0.373939573764801,0.049969930201768875,0.2685224115848541,0.6727906465530396,-0.5507018566131592,-0.008000624366104603,0.20699208974838257,0.6707417964935303,-0.5660894513130188,-0.008000624366104603,0.20699208974838257,0.6707417964935303,-0.5660894513130188,0.17000000178813934,0.6399999856948853,0.5918367505073547,0.686274528503418,0.944556713104248,0.2609967887401581,1.9211671352386475,0.01621287129819393,0.3637025058269501,-0.05544323846697807,0.2609967887401581,2
0,0,3,3,dispatch_decision_block,0.048132576048374176,0.01592784933745861,0.09698610752820969,0.016388079151511192,1.0,0.0,1.0,1.0,-0.2855239808559418,0.11276988685131073,0.11436522006988525,-0.497374564409256,1.0,0.0,1.0,1.0,-0.2855239808559418,0.11276988685131073,0.11436522006988525,-0.497374564409256,-0.2860986590385437,0.2532055377960205,0.5807200074195862,-0.9129306077957153,-0.0005746841197833419,0.2447018027305603,0.6379324197769165,-0.6475449800491333,-0.0005746841197833419,0.2447018027305603,0.6379324197769165,-0.6475449800491333,0.23000000417232513,0.75,0.6727272868156433,0.8444444537162781,0.9396792650222778,0.28234052658081055,2.0582642555236816,0.010736891999840736,0.1865367442369461,-0.06032063812017441,0.28234052658081055,3
1,3,6,3,dispatch_decision_block,0.03218640387058258,0.01871603913605213,0.08658533543348312,0.00037323503056541085,1.0,0.0,1.0,1.0,-0.27889883518218994,0.12394712120294571,0.2012876719236374,-0.547728419303894,1.0,0.0,1.0,1.0,-0.27889883518218994,0.12394712120294571,0.2012876719236374,-0.547728419303894,-0.28026241064071655,0.458168625831604,0.7104741930961609,-1.6696065664291382,-0.0013635921059176326,0.44289490580558777,1.1356079578399658,-1.221587896347046,-0.0013635921059176326,0.44289490580558777,1.1356079578399658,-1.221587896347046,0.5299999713897705,0.699999988079071,0.7441860437393188,0.6666666865348816,0.9603069424629211,0.25546571612358093,1.6180232763290405,0.05540720000863075,0.223931685090065,-0.03969305381178856,0.25546571612358093,3
2,6,9,3,dispatch_decision_block,0.03771060332655907,0.01939825713634491,0.08850065618753433,0.003491713898256421,1.0,0.0,1.0,1.0,-0.35808753967285156,0.14964674413204193,0.04043713957071304,-0.6194931864738464,1.0,0.0,1.0,1.0,-0.35808753967285156,0.14964674413204193,0.04043713957071304,-0.6194931864738464,-0.36069709062576294,0.4807983934879303,0.6031644344329834,-1.4467922449111938,-0.0026095581706613302,0.4418225586414337,0.9671681523323059,-1.008388638496399,-0.0026095581706613302,0.4418225586414337,0.9671681523323059,-1.008388638496399,0.5799999833106995,0.6299999952316284,0.6739130616188049,0.5925925970077515,0.9453674554824829,0.2459888458251953,1.861464500427246,0.003725886344909668,0.3372192978858948,-0.054632510989904404,0.2459888458251953,3
3,9,12,3,dispatch_decision_block,0.041686926037073135,0.011649264954030514,0.07191988825798035,0.016745219007134438,1.0,0.0,1.0,1.0,-0.25694289803504944,0.10781244933605194,0.18709176778793335,-0.39596375823020935,1.0,0.0,1.0,1.0,-0.25694289803504944,0.10781244933605194,0.18709176778793335,-0.39596375823020935,-0.2592666745185852,0.23784561455249786,0.4439665973186493,-0.8033088445663452,-0.0023237818386405706,0.21757911145687103,0.4029495120048523,-0.7722771167755127,-0.0023237818386405706,0.21757911145687103,0.4029495120048523,-0.7722771167755127,0.20999999344348907,0.5400000214576721,0.49056604504585266,0.5957446694374084,0.957561194896698,0.1651945561170578,1.5434935092926025,0.011430115438997746,0.2045779526233673,-0.042438820004463196,0.1651945561170578,3
4,12,15,3,dispatch_decision_block,0.04414338618516922,0.01752442494034767,0.10003942996263504,0.019017186015844345,1.0,0.0,1.0,1.0,-0.24145588278770447,0.1353638768196106,0.09248998761177063,-0.5759279727935791,1.0,0.0,1.0,1.0,-0.24145588278770447,0.1353638768196106,0.09248998761177063,-0.5759279727935791,-0.2522107660770416,0.254564493894577,0.5385258793830872,-1.3176960945129395,-0.010754882358014584,0.20299923419952393,0.6031776666641235,-0.7647049427032471,-0.010754882358014584,0.20299923419952393,0.6031776666641235,-0.7647049427032471,0.12999999523162842,0.6499999761581421,0.6304348111152649,0.6666666865348816,0.9819605946540833,0.2171206772327423,1.7699058055877686,0.01525400672107935,0.1680067479610443,-0.01803937740623951,0.2171206772327423,3
5,15,18,3,dispatch_decision_block,0.03374972939491272,0.022578982636332512,0.09727899730205536,1.0639296732506409e-07,1.0,0.0,1.0,1.0,0.37434595823287964,0.08980540931224823,0.5956570506095886,0.10854677855968475,1.0,0.0,1.0,1.0,0.37434595823287964,0.08980540931224823,0.5956570506095886,0.10854677855968475,0.34102821350097656,0.5839456915855408,1.71743905544281,-1.3698527812957764,-0.033317722380161285,0.5597113370895386,1.292938232421875,-1.581370234489441,-0.033317722380161285,0.5597113370895386,1.292938232421875,-1.581370234489441,0.5799999833106995,0.550000011920929,0.5555555820465088,0.5454545617103577,0.9740331768989563,0.2050219029188156,1.8823376893997192,-0.013356714509427547,0.14656493067741394,-0.025966748595237732,0.2050219029188156,3
6,18,21,3,dispatch_decision_block,0.03249971941113472,0.021816756576299667,0.09171551465988159,1.0639296732506409e-07,1.0,0.0,1.0,1.0,0.45853400230407715,0.1637759953737259,0.6065384149551392,-0.17541608214378357,1.0,0.0,1.0,1.0,0.45853400230407715,0.1637759953737259,0.6065384149551392,-0.17541608214378357,0.43325451016426086,0.5410484075546265,1.9514421224594116,-0.8595908880233765,-0.025279536843299866,0.5115724802017212,1.4569165706634521,-1.4408354759216309,-0.025279536843299866,0.5115724802017212,1.4569165706634521,-1.4408354759216309,0.5099999904632568,0.6700000166893005,0.6122449040412903,0.7254902124404907,0.9408910870552063,0.2507881820201874,1.759329915046692,0.010245244950056076,0.21654784679412842,-0.059108901768922806,0.2507881820201874,3
7,21,24,3,dispatch_decision_block,0.04640180617570877,0.015171444043517113,0.1025061309337616,0.01229238323867321,1.0,0.0,1.0,1.0,-0.10928742587566376,0.14333032071590424,0.23579174280166626,-0.4131568670272827,1.0,0.0,1.0,1.0,-0.10928742587566376,0.14333032071590424,0.23579174280166626,-0.4131568670272827,-0.11722959578037262,0.25938117504119873,0.5286890268325806,-0.7619280815124512,-0.00794217735528946,0.21076078712940216,0.5299655795097351,-0.5244305729866028,-0.00794217735528946,0.21076078712940216,0.5299655795097351,-0.5244305729866028,0.2199999988079071,0.6600000262260437,0.6538461446762085,0.6666666865348816,0.956757664680481,0.18426355719566345,1.6164642572402954,0.042568840086460114,0.18735341727733612,-0.043242305517196655,0.18426355719566345,3
8,24,27,3,dispatch_decision_block,0.059012819081544876,0.02010253444314003,0.10878001898527145,0.019939498975872993,1.0,0.0,1.0,1.0,-0.06620990484952927,0.1252197027206421,0.396257609128952,-0.3535687327384949,1.0,0.0,1.0,1.0,-0.06620990484952927,0.1252197027206421,0.396257609128952,-0.3535687327384949,-0.06928836554288864,0.33693864941596985,0.8227165937423706,-0.9006161093711853,-0.0030784625560045242,0.2995567321777344,0.8885409235954285,-0.8497642874717712,-0.0030784625560045242,0.2995567321777344,0.8885409235954285,-0.8497642874717712,0.28999999165534973,0.47999998927116394,0.5957446694374084,0.37735849618911743,0.99322509765625,0.1761617511510849,1.710628867149353,0.006173333153128624,0.14366436004638672,-0.006774934474378824,0.1761617511510849,3
9,27,30,3,dispatch_decision_block,0.04299032315611839,0.024107690900564194,0.11234049499034882,6.918386930010456e-08,1.0,0.0,1.0,1.0,-0.008463163860142231,0.08704714477062225,0.21698632836341858,-0.3289980888366699,1.0,0.0,1.0,1.0,-0.008463163860142231,0.08704714477062225,0.21698632836341858,-0.3289980888366699,-0.010018620640039444,0.521629810333252,1.4639947414398193,-1.5175294876098633,-0.0015554619021713734,0.5079617500305176,1.4033128023147583,-1.5939738750457764,-0.0015554619021713734,0.5079617500305176,1.4033128023147583,-1.5939738750457764,0.6000000238418579,0.5699999928474426,0.5306122303009033,0.6078431606292725,0.9683148860931396,0.2750606834888458,2.4126579761505127,-0.006427202373743057,0.14270572364330292,-0.03168506920337677,0.2750606834888458,3
10,30,33,3,dispatch_decision_block,0.042670488357543945,0.024331895634531975,0.11439108103513718,6.749985186615959e-05,1.0,0.0,1.0,1.0,-0.024488458409905434,0.1104695051908493,0.27691900730133057,-0.2979757487773895,1.0,0.0,1.0,1.0,-0.024488458409905434,0.1104695051908493,0.27691900730133057,-0.2979757487773895,-0.0287783145904541,0.5524020791053772,1.9946924448013306,-1.7843468189239502,-0.004289856180548668,0.5193859934806824,1.7831900119781494,-1.6789093017578125,-0.004289856180548668,0.5193859934806824,1.7831900119781494,-1.6789093017578125,0.5600000023841858,0.6700000166893005,0.7321428656578064,0.5909090638160706,0.9876359701156616,0.23276105523109436,1.869004249572754,0.01634054444730282,0.13661983609199524,-0.012364055961370468,0.23276105523109436,3
11,33,36,3,dispatch_decision_block,0.04967263340950012,0.015055474825203419,0.08695419877767563,0.008988754823803902,1.0,0.0,1.0,1.0,-0.32490310072898865,0.1624278575181961,0.08104552328586578,-0.7688655853271484,1.0,0.0,1.0,1.0,-0.32490310072898865,0.1624278575181961,0.08104552328586578,-0.7688655853271484,-0.32624661922454834,0.26108109951019287,0.2465890645980835,-0.9471732974052429,-0.001343547715805471,0.2020883560180664,0.46618983149528503,-0.460174560546875,-0.001343547715805471,0.2020883560180664,0.46618983149528503,-0.460174560546875,0.20999999344348907,0.6000000238418579,0.6346153616905212,0.5625,0.9937225580215454,0.25310349464416504,2.062096118927002,0.010452449321746826,0.17217455804347992,-0.0062775565311312675,0.25310349464416504,3
12,36,39,3,dispatch_decision_block,0.04743964225053787,0.018564533442258835,0.10639306902885437,0.0205937922000885,1.0,0.0,1.0,1.0,0.3382936716079712,0.09520888328552246,0.5344148874282837,0.04095207154750824,1.0,0.0,1.0,1.0,0.3382936716079712,0.09520888328552246,0.5344148874282837,0.04095207154750824,0.32854411005973816,0.29739242792129517,1.2344526052474976,-0.49295565485954285,-0.00974955502897501,0.2817288935184479,0.8399771451950073,-0.8498080968856812,-0.00974955502897501,0.2817288935184479,0.8399771451950073,-0.8498080968856812,0.28999999165534973,0.7799999713897705,0.800000011920929,0.7666666507720947,0.9526963829994202,0.24696624279022217,1.8211302757263184,0.018796706572175026,0.21869012713432312,-0.04730362817645073,0.24696624279022217,3
13,39,42,3,dispatch_decision_block,0.034803759306669235,0.01907436177134514,0.08005279302597046,0.0005745929083786905,1.0,0.0,1.0,1.0,-0.07836569845676422,0.12607155740261078,0.4474295973777771,-0.3278428614139557,1.0,0.0,1.0,1.0,-0.07836569845676422,0.12607155740261078,0.4474295973777771,-0.3278428614139557,-0.08385518938302994,0.4425453543663025,0.9456354379653931,-1.4008346796035767,-0.0054894923232495785,0.4220411479473114,0.9765782356262207,-1.254747986793518,-0.0054894923232495785,0.4220411479473114,0.9765782356262207,-1.254747986793518,0.5400000214576721,0.5199999809265137,0.4716981053352356,0.5744680762290955,1.0053714513778687,0.21301381289958954,1.8374660015106201,0.00413869135081768,0.27245867252349854,0.0053713638335466385,0.21301381289958954,3
14,42,45,3,dispatch_decision_block,0.041369419544935226,0.019640250131487846,0.09575647115707397,0.004501827526837587,1.0,0.0,1.0,1.0,-0.13984964787960052,0.15631264448165894,0.5300719738006592,-0.34152039885520935,1.0,0.0,1.0,1.0,-0.13984964787960052,0.15631264448165894,0.5300719738006592,-0.34152039885520935,-0.14770685136318207,0.48164528608322144,1.1915910243988037,-1.4608492851257324,-0.007857204414904118,0.44797125458717346,1.3456348180770874,-1.3121269941329956,-0.007857204414904118,0.44797125458717346,1.3456348180770874,-1.3121269941329956,0.5299999713897705,0.6600000262260437,0.6399999856948853,0.6800000071525574,0.9623597860336304,0.24405212700366974,1.82859206199646,-0.0062912581488490105,0.17631851136684418,-0.037640273571014404,0.24405212700366974,3
15,45,48,3,dispatch_decision_block,0.045748915523290634,0.01338117104023695,0.08576573431491852,0.019557863473892212,1.0,0.0,1.0,1.0,0.06104683876037598,0.11987056583166122,0.2940787971019745,-0.25046586990356445,1.0,0.0,1.0,1.0,0.06104683876037598,0.11987056583166122,0.2940787971019745,-0.25046586990356445,0.05121360719203949,0.24824492633342743,0.5819083452224731,-0.8249157071113586,-0.009833233430981636,0.19493137300014496,0.47072234749794006,-0.5755871534347534,-0.009833233430981636,0.19493137300014496,0.47072234749794006,-0.5755871534347534,0.17000000178813934,0.6800000071525574,0.695652186870575,0.6666666865348816,0.974708080291748,0.22638195753097534,1.7731997966766357,0.012611419893801212,0.20729301869869232,-0.025291908532381058,0.22638195753097534,3
16,48,51,3,dispatch_decision_block,0.04569960758090019,0.0189016405493021,0.10639306902885437,0.017474912106990814,1.0,0.0,1.0,1.0,0.08905770629644394,0.11154482513666153,0.3055657148361206,-0.3901117444038391,1.0,0.0,1.0,1.0,0.08905770629644394,0.11154482513666153,0.3055657148361206,-0.3901117444038391,0.09143339842557907,0.26055067777633667,0.769514799118042,-0.6941649913787842,0.002375698648393154,0.23509977757930756,0.5638116598129272,-0.5640738010406494,0.002375698648393154,0.23509977757930756,0.5638116598129272,-0.5640738010406494,0.2199999988079071,0.6299999952316284,0.5849056839942932,0.6808510422706604,0.958170473575592,0.18599091470241547,1.4579408168792725,-0.004437081981450319,0.19322103261947632,-0.04182948172092438,0.18599091470241547,3
17,51,54,3,dispatch_decision_block,0.03361254557967186,0.019212055951356888,0.08863033354282379,0.0042223804630339146,1.0,0.0,1.0,1.0,-0.1256590038537979,0.10511680692434311,0.17769956588745117,-0.4023183584213257,1.0,0.0,1.0,1.0,-0.1256590038537979,0.10511680692434311,0.17769956588745117,-0.4023183584213257,-0.1214141920208931,0.47360363602638245,0.9631800055503845,-1.4400146007537842,0.004244786687195301,0.45696327090263367,0.9991136789321899,-1.228635311126709,0.004244786687195301,0.45696327090263367,0.9991136789321899,-1.228635311126709,0.6000000238418579,0.7200000286102295,0.6909090876579285,0.7555555701255798,0.9710726737976074,0.2440427541732788,2.0701732635498047,0.06093166768550873,0.373344749212265,-0.028927357867360115,0.2440427541732788,3
18,54,57,3,dispatch_decision_block,0.030711684376001358,0.019398361444473267,0.09769348055124283,0.0009961494943127036,1.0,0.0,1.0,1.0,-0.18629734218120575,0.08260559290647507,0.11883664131164551,-0.37966644763946533,1.0,0.0,1.0,1.0,-0.18629734218120575,0.08260559290647507,0.11883664131164551,-0.37966644763946533,-0.1874922513961792,0.4599301218986511,0.912470281124115,-1.3454601764678955,-0.001194915734231472,0.44054293632507324,0.9751401543617249,-1.0489084720611572,-0.001194915734231472,0.44054293632507324,0.9751401543617249,-1.0489084720611572,0.6100000143051147,0.6299999952316284,0.5769230723381042,0.6875,0.985897958278656,0.23228736221790314,1.819261074066162,0.020946050062775612,0.16737473011016846,-0.014102065935730934,0.23228736221790314,3
19,57,60,3,dispatch_decision_block,0.04471670091152191,0.01569226011633873,0.09969432651996613,0.015942232683300972,1.0,0.0,1.0,1.0,-0.16009512543678284,0.14858506619930267,0.18913330137729645,-0.5421140193939209,1.0,0.0,1.0,1.0,-0.16009512543678284,0.14858506619930267,0.18913330137729645,-0.5421140193939209,-0.15494424104690552,0.26230692863464355,0.5113667845726013,-0.8551614284515381,0.005150866694748402,0.22378498315811157,0.47205570340156555,-0.6343053579330444,0.005150866694748402,0.22378498315811157,0.47205570340156555,-0.6343053579330444,0.2199999988079071,0.6899999976158142,0.6399999856948853,0.7400000095367432,0.9826821684837341,0.2041003555059433,1.5646998882293701,0.01371392048895359,0.13595139980316162,-0.01731780730187893,0.2041003555059433,3
20,60,63,3,dispatch_decision_block,0.047040071338415146,0.01723504438996315,0.0926542729139328,0.017324892804026604,1.0,0.0,1.0,1.0,-0.09657014906406403,0.22203779220581055,0.3729057013988495,-1.0246611833572388,1.0,0.0,1.0,1.0,-0.09657014906406403,0.22203779220581055,0.3729057013988495,-1.0246611833572388,-0.10078291594982147,0.4549643099308014,1.260518193244934,-1.1148370504379272,-0.004212789703160524,0.3460550606250763,1.0236551761627197,-0.7972060441970825,-0.004212789703160524,0.3460550606250763,1.0236551761627197,-0.7972060441970825,0.38999998569488525,0.5299999713897705,0.5581395626068115,0.5087719559669495,1.005045771598816,0.23453745245933533,2.1973719596862793,0.00856162142008543,0.18994812667369843,0.0050457245670259,0.23453745245933533,3
21,63,66,3,dispatch_decision_block,0.034781452268362045,0.021145587787032127,0.08377403020858765,1.0639296732506409e-07,1.0,0.0,1.0,1.0,-0.00476798415184021,0.06414614617824554,0.19558405876159668,-0.2314159870147705,1.0,0.0,1.0,1.0,-0.00476798415184021,0.06414614617824554,0.19558405876159668,-0.2314159870147705,-0.026997847482562065,0.5032625794410706,1.5794576406478882,-1.1672208309173584,-0.022229859605431557,0.491140753030777,1.3838735818862915,-1.117721438407898,-0.022229859605431557,0.491140753030777,1.3838735818862915,-1.117721438407898,0.5600000023841858,0.6899999976158142,0.7450980544090271,0.6326530575752258,1.0047951936721802,0.2707034647464752,2.207824468612671,0.023989977315068245,0.15451021492481232,0.004795215092599392,0.2707034647464752,3
22,66,69,3,dispatch_decision_block,0.03374839574098587,0.020482460036873817,0.077396921813488,1.0639296732506409e-07,1.0,0.0,1.0,1.0,0.05675814673304558,0.19962938129901886,0.5980629324913025,-0.37891218066215515,1.0,0.0,1.0,1.0,0.05675814673304558,0.19962938129901886,0.5980629324913025,-0.37891218066215515,0.0320558100938797,0.5081710815429688,1.899652123451233,-1.042535424232483,-0.02470232918858528,0.4736039340496063,1.3033925294876099,-1.2680549621582031,-0.02470232918858528,0.4736039340496063,1.3033925294876099,-1.2680549621582031,0.550000011920929,0.6299999952316284,0.6595744490623474,0.6037735939025879,0.9803489446640015,0.29289504885673523,2.5754826068878174,0.018833881244063377,0.20269182324409485,-0.019651107490062714,0.29289504885673523,3
23,69,72,3,dispatch_decision_block,0.049470413476228714,0.012271254323422909,0.0848412811756134,0.02106788381934166,1.0,0.0,1.0,1.0,-0.42090684175491333,0.20404380559921265,0.14115731418132782,-0.7793838381767273,1.0,0.0,1.0,1.0,-0.42090684175491333,0.20404380559921265,0.14115731418132782,-0.7793838381767273,-0.4200562536716461,0.3104459345340729,0.5261654853820801,-1.1055774688720703,0.0008505356381647289,0.21366383135318756,0.5582990646362305,-0.5064926147460938,0.0008505356381647289,0.21366383135318756,0.5582990646362305,-0.5064926147460938,0.20999999344348907,0.6800000071525574,0.6382978558540344,0.7169811129570007,0.9123142957687378,0.24166376888751984,2.0052413940429688,-0.028258947655558586,0.2661028206348419,-0.08768569678068161,0.24166376888751984,3
0,0,3,3,dispatch_decision_block,0.04322212189435959,0.018381183966994286,0.09921203553676605,0.015909284353256226,1.0,0.0,1.0,1.0,-0.43251505494117737,0.17404864728450775,0.18526436388492584,-0.719724714756012,1.0,0.0,1.0,1.0,-0.43251505494117737,0.17404864728450775,0.18526436388492584,-0.719724714756012,-0.42306822538375854,0.3552144765853882,0.3791397511959076,-1.3360905647277832,0.009446827694773674,0.28608348965644836,0.7525836229324341,-0.836646556854248,0.009446827694773674,0.28608348965644836,0.7525836229324341,-0.836646556854248,0.27000001072883606,0.5299999713897705,0.604651153087616,0.4736842215061188,0.9670708179473877,0.18296802043914795,1.5214385986328125,0.019231338053941727,0.20772230625152588,-0.03292914479970932,0.18296802043914795,4
1,3,6,3,dispatch_decision_block,0.02921011857688427,0.018660355359315872,0.08667848259210587,0.0012456801487132907,1.0,0.0,1.0,1.0,0.03905897215008736,0.20610761642456055,0.6040188074111938,-0.586239218711853,1.0,0.0,1.0,1.0,0.03905897215008736,0.20610761642456055,0.6040188074111938,-0.586239218711853,0.033375099301338196,0.49336376786231995,1.832166075706482,-1.5231391191482544,-0.005683870520442724,0.43472960591316223,1.5819447040557861,-1.0758135318756104,-0.005683870520442724,0.43472960591316223,1.5819447040557861,-1.0758135318756104,0.47999998927116394,0.6399999856948853,0.6458333134651184,0.6346153616905212,0.9817788600921631,0.2282162755727768,2.1073107719421387,0.0412164032459259,0.21393577754497528,-0.01822115108370781,0.2282162755727768,4
2,6,9,3,dispatch_decision_block,0.032193757593631744,0.02006785199046135,0.09064392745494843,0.001688987948000431,1.0,0.0,1.0,1.0,-0.16143947839736938,0.24446555972099304,0.40115219354629517,-0.7220107913017273,1.0,0.0,1.0,1.0,-0.16143947839736938,0.24446555972099304,0.40115219354629517,-0.7220107913017273,-0.16437263786792755,0.5169506669044495,1.5143258571624756,-1.1902854442596436,-0.0029331499245017767,0.43758249282836914,1.5167529582977295,-0.8889660239219666,-0.0029331499245017767,0.43758249282836914,1.5167529582977295,-0.8889660239219666,0.47999998927116394,0.6000000238418579,0.5400000214576721,0.6600000262260437,0.971177875995636,0.20049799978733063,1.660489559173584,0.004922637715935707,0.2674664556980133,-0.028822097927331924,0.20049799978733063,4
3,9,12,3,dispatch_decision_block,0.04730872064828873,0.016238585114479065,0.11038917303085327,0.013645627535879612,1.0,0.0,1.0,1.0,-0.532937228679657,0.17799660563468933,0.1712145209312439,-0.7412855625152588,1.0,0.0,1.0,1.0,-0.532937228679657,0.17799660563468933,0.1712145209312439,-0.7412855625152588,-0.5256197452545166,0.29182881116867065,0.1897600293159485,-1.236031413078308,0.007317494135349989,0.2350575178861618,0.7316054701805115,-0.5352387428283691,0.007317494135349989,0.2350575178861618,0.7316054701805115,-0.5352387428283691,0.27000001072883606,0.6100000143051147,0.6538461446762085,0.5625,0.9916276335716248,0.21885773539543152,1.9679280519485474,0.017396114766597748,0.18209721148014069,-0.008372412994503975,0.21885773539543152,4
4,12,15,3,dispatch_decision_block,0.04939031973481178,0.019345469772815704,0.0998445600271225,0.01792219839990139,1.0,0.0,1.0,1.0,-0.15145821869373322,0.18025268614292145,0.25241416692733765,-0.6455485224723816,1.0,0.0,1.0,1.0,-0.15145821869373322,0.18025268614292145,0.25241416692733765,-0.6455485224723816,-0.14277894794940948,0.3326644003391266,0.9357821345329285,-1.0572811365127563,0.008679273538291454,0.2666957378387451,0.7721184492111206,-0.7849563956260681,0.008679273538291454,0.2666957378387451,0.7721184492111206,-0.7849563956260681,0.25999999046325684,0.6700000166893005,0.698113203048706,0.6382978558540344,0.9695125818252563,0.2265714704990387,1.6861793994903564,-0.0017983883153647184,0.22900955379009247,-0.0304874274879694,0.2265714704990387,4
5,15,18,3,dispatch_decision_block,0.0394219346344471,0.02317388541996479,0.1149054691195488,0.003753420663997531,1.0,0.0,1.0,1.0,0.12437275052070618,0.13211047649383545,0.5213262438774109,-0.23056264221668243,1.0,0.0,1.0,1.0,0.12437275052070618,0.13211047649383545,0.5213262438774109,-0.23056264221668243,0.12641364336013794,0.5631571412086487,2.127936363220215,-1.9403058290481567,0.0020409035496413708,0.5144197344779968,1.9371147155761719,-1.9144413471221924,0.0020409035496413708,0.5144197344779968,1.9371147155761719,-1.9144413471221924,0.49000000953674316,0.5400000214576721,0.5094339847564697,0.5744680762290955,1.016861081123352,0.16650614142417908,1.5204182863235474,0.023247085511684418,0.1395055502653122,0.01686115935444832,0.16650614142417908,4
6,18,21,3,dispatch_decision_block,0.03317808732390404,0.023356415331363678,0.1026524156332016,6.675355734842014e-08,1.0,0.0,1.0,1.0,0.22063225507736206,0.1053934320807457,0.39477142691612244,-0.1077694371342659,1.0,0.0,1.0,1.0,0.22063225507736206,0.1053934320807457,0.39477142691612244,-0.1077694371342659,0.22667428851127625,0.5676511526107788,2.467965841293335,-1.3728280067443848,0.006042025052011013,0.5312598943710327,2.1189000606536865,-1.500583529472351,0.006042025052011013,0.5312598943710327,2.1189000606536865,-1.500583529472351,0.5,0.6499999761581421,0.5744680762290955,0.7169811129570007,0.9738385081291199,0.21812742948532104,1.6337599754333496,-0.0028251069597899914,0.19659599661827087,-0.026161588728427887,0.21812742948532104,4
7,21,24,3,dispatch_decision_block,0.043662767857313156,0.013888497836887836,0.08572191745042801,0.012149089947342873,1.0,0.0,1.0,1.0,-0.20434483885765076,0.09461949020624161,0.10790180414915085,-0.37877634167671204,1.0,0.0,1.0,1.0,-0.20434483885765076,0.09461949020624161,0.10790180414915085,-0.37877634167671204,-0.2020520716905594,0.21894697844982147,0.4871046543121338,-0.7766507267951965,0.0022927802056074142,0.2112644612789154,0.4937423765659332,-0.5859768986701965,0.0022927802056074142,0.2112644612789154,0.4937423765659332,-0.5859768986701965,0.17000000178813934,0.6299999952316284,0.6041666865348816,0.6538461446762085,0.9666876792907715,0.20369768142700195,1.7249300479888916,0.0482761524617672,0.2306355983018875,-0.03331228718161583,0.20369768142700195,4
8,24,27,3,dispatch_decision_block,0.04578383266925812,0.01703399047255516,0.10034538805484772,0.015549647621810436,1.0,0.0,1.0,1.0,-0.12342087924480438,0.1781812310218811,0.29351934790611267,-0.5520617961883545,1.0,0.0,1.0,1.0,-0.12342087924480438,0.1781812310218811,0.29351934790611267,-0.5520617961883545,-0.13058286905288696,0.362997442483902,0.7807754278182983,-1.327946662902832,-0.00716197956353426,0.3042543828487396,0.6964632272720337,-0.8413419723510742,-0.00716197956353426,0.3042543828487396,0.6964632272720337,-0.8413419723510742,0.3400000035762787,0.5899999737739563,0.5192307829856873,0.6666666865348816,1.0149873495101929,0.2326219081878662,1.8586461544036865,0.02620803564786911,0.1686789095401764,0.014987369999289513,0.2326219081878662,4
9,27,30,3,dispatch_decision_block,0.03443809226155281,0.02281961590051651,0.11418168246746063,0.0004915941972285509,1.0,0.0,1.0,1.0,0.02845194563269615,0.1071048229932785,0.2773410677909851,-0.23171210289001465,1.0,0.0,1.0,1.0,0.02845194563269615,0.1071048229932785,0.2773410677909851,-0.23171210289001465,0.03399074822664261,0.4972079396247864,1.1992948055267334,-1.6648622751235962,0.005538799334317446,0.45952722430229187,1.084730863571167,-1.462214708328247,0.005538799334317446,0.45952722430229187,1.084730863571167,-1.462214708328247,0.5199999809265137,0.47999998927116394,0.40816327929496765,0.5490196347236633,0.9921211004257202,0.1739969551563263,1.6464890241622925,0.014955179765820503,0.16834640502929688,-0.007878849282860756,0.1739969551563263,4
10,30,33,3,dispatch_decision_block,0.03390994668006897,0.023272769525647163,0.1147424578666687,0.0009448510827496648,1.0,0.0,1.0,1.0,0.046596452593803406,0.11701704561710358,0.3026524484157562,-0.4130745530128479,1.0,0.0,1.0,1.0,0.046596452593803406,0.11701704561710358,0.3026524484157562,-0.4130745530128479,0.05485666170716286,0.4957176446914673,1.1518199443817139,-1.6106770038604736,0.008260203525424004,0.4767555594444275,1.099975824356079,-1.611939549446106,0.008260203525424004,0.4767555594444275,1.099975824356079,-1.611939549446106,0.5099999904632568,0.5899999737739563,0.5,0.6875,0.9572212100028992,0.1942494958639145,1.4965167045593262,0.02963288500905037,0.21786779165267944,-0.04277876392006874,0.1942494958639145,4
11,33,36,3,dispatch_decision_block,0.0479462705552578,0.014548663049936295,0.08793334662914276,0.027151795104146004,1.0,0.0,1.0,1.0,-0.20662559568881989,0.21552981436252594,0.2650901675224304,-0.7827939987182617,1.0,0.0,1.0,1.0,-0.20662559568881989,0.21552981436252594,0.2650901675224304,-0.7827939987182617,-0.21392661333084106,0.33380958437919617,0.44810357689857483,-1.145237922668457,-0.0073010362684726715,0.21787068247795105,0.4670882821083069,-0.5920478105545044,-0.0073010362684726715,0.21787068247795105,0.4670882821083069,-0.5920478105545044,0.1899999976158142,0.6299999952316284,0.6545454263687134,0.6000000238418579,0.944589376449585,0.187101349234581,1.526082992553711,0.01505992654711008,0.25278741121292114,-0.05541062727570534,0.187101349234581,4
12,36,39,3,dispatch_decision_block,0.04664306715130806,0.018356021493673325,0.0998496562242508,0.017989100888371468,1.0,0.0,1.0,1.0,0.3253472149372101,0.14294202625751495,0.608620822429657,-0.08450363576412201,1.0,0.0,1.0,1.0,0.3253472149372101,0.14294202625751495,0.608620822429657,-0.08450363576412201,0.32055041193962097,0.31731143593788147,1.1301250457763672,-0.32576948404312134,-0.004796799272298813,0.2821340262889862,0.6601279377937317,-0.7280387282371521,-0.004796799272298813,0.2821340262889862,0.6601279377937317,-0.7280387282371521,0.2800000011920929,0.5799999833106995,0.5882353186607361,0.5714285969734192,0.989327073097229,0.30055931210517883,2.775871753692627,-0.004280523397028446,0.19837845861911774,-0.010672910138964653,0.30055931210517883,4
13,39,42,3,dispatch_decision_block,0.03178412839770317,0.019295593723654747,0.10273037850856781,0.0005180269945412874,1.0,0.0,1.0,1.0,0.3513970971107483,0.1432877480983734,0.5845885276794434,-0.11263172328472137,1.0,0.0,1.0,1.0,0.3513970971107483,0.1432877480983734,0.5845885276794434,-0.11263172328472137,0.347471684217453,0.43825551867485046,1.4209626913070679,-0.8313370943069458,-0.0039253514260053635,0.4060983955860138,1.027369737625122,-1.0587562322616577,-0.0039253514260053635,0.4060983955860138,1.027369737625122,-1.0587562322616577,0.4300000071525574,0.6499999761581421,0.6938775777816772,0.6078431606292725,0.9873231649398804,0.2778497040271759,2.91335391998291,0.024917421862483025,0.33743128180503845,-0.012676876038312912,0.2778497040271759,4
14,42,45,3,dispatch_decision_block,0.03596625104546547,0.021327029913663864,0.11221559345722198,0.004427697509527206,1.0,0.0,1.0,1.0,0.26770949363708496,0.13922224938869476,0.664776086807251,-0.29760169982910156,1.0,0.0,1.0,1.0,0.26770949363708496,0.13922224938869476,0.664776086807251,-0.29760169982910156,0.2629351019859314,0.4694335460662842,1.4247417449951172,-0.9799224734306335,-0.0047744037583470345,0.45662423968315125,1.0715950727462769,-1.1955046653747559,-0.0047744037583470345,0.45662423968315125,1.0715950727462769,-1.1955046653747559,0.5099999904632568,0.5899999737739563,0.5833333134651184,0.5961538553237915,0.9883131384849548,0.18277215957641602,1.4225578308105469,0.001952183898538351,0.13843099772930145,-0.011686937883496284,0.18277215957641602,4
15,45,48,3,dispatch_decision_block,0.04838722199201584,0.01541804987937212,0.08616232126951218,0.015655118972063065,1.0,0.0,1.0,1.0,0.3520389497280121,0.145822212100029,0.8005529046058655,0.053116753697395325,1.0,0.0,1.0,1.0,0.3520389497280121,0.145822212100029,0.8005529046058655,0.053116753697395325,0.3446749746799469,0.26877087354660034,1.029741883277893,-0.24944540858268738,-0.007363943848758936,0.21954691410064697,0.565565824508667,-0.5383821129798889,-0.007363943848758936,0.21954691410064697,0.565565824508667,-0.5383821129798889,0.20000000298023224,0.6499999761581421,0.6744186282157898,0.6315789222717285,0.9447481036186218,0.18252499401569366,1.538638710975647,-0.003885244019329548,0.18683747947216034,-0.05525192245841026,0.18252499401569366,4
16,48,51,3,dispatch_decision_block,0.05208497866988182,0.02087807096540928,0.10585058480501175,0.014042877592146397,1.0,0.0,1.0,1.0,-0.06562161445617676,0.08791544288396835,0.21329006552696228,-0.2767195403575897,1.0,0.0,1.0,1.0,-0.06562161445617676,0.08791544288396835,0.21329006552696228,-0.2767195403575897,-0.07014810293912888,0.33278924226760864,0.8390614986419678,-0.8218142986297607,-0.004526486620306969,0.3187120854854584,0.7778367400169373,-0.7216063141822815,-0.004526486620306969,0.3187120854854584,0.7778367400169373,-0.7216063141822815,0.3100000023841858,0.6700000166893005,0.6000000238418579,0.7272727489471436,0.9597017765045166,0.2178393304347992,1.783438801765442,0.013928109779953957,0.18611575663089752,-0.040298257023096085,0.2178393304347992,4
17,51,54,3,dispatch_decision_block,0.042817987501621246,0.02423347719013691,0.11192770302295685,0.003259439952671528,1.0,0.0,1.0,1.0,-0.09413348883390427,0.13864201307296753,0.22301030158996582,-0.41666293144226074,1.0,0.0,1.0,1.0,-0.09413348883390427,0.13864201307296753,0.22301030158996582,-0.41666293144226074,-0.084010049700737,0.5944204330444336,1.5712934732437134,-1.7700809240341187,0.010123434476554394,0.5706239938735962,1.7463510036468506,-1.8074630498886108,0.010123434476554394,0.5706239938735962,1.7463510036468506,-1.8074630498886108,0.5799999833106995,0.6700000166893005,0.7647058963775635,0.5714285969734192,0.9975898861885071,0.20873354375362396,1.6187059879302979,0.03772156685590744,0.21895550191402435,-0.0024100886657834053,0.20873354375362396,4
18,54,57,3,dispatch_decision_block,0.03613545000553131,0.02483593299984932,0.0945204347372055,0.002723542507737875,1.0,0.0,1.0,1.0,-0.24927650392055511,0.11520565301179886,0.1218927875161171,-0.5156902074813843,1.0,0.0,1.0,1.0,-0.24927650392055511,0.11520565301179886,0.1218927875161171,-0.5156902074813843,-0.23655591905117035,0.59024977684021,1.455731749534607,-1.9731225967407227,0.012720589525997639,0.5883627533912659,1.736772060394287,-1.76279878616333,0.012720589525997639,0.5883627533912659,1.736772060394287,-1.76279878616333,0.5799999833106995,0.4699999988079071,0.46000000834465027,0.47999998927116394,0.9825480580329895,0.20483921468257904,1.5985751152038574,0.014674863778054714,0.2653297781944275,-0.017451833933591843,0.20483921468257904,4
19,57,60,3,dispatch_decision_block,0.042009077966213226,0.013669728301465511,0.07928532361984253,0.013410207815468311,1.0,0.0,1.0,1.0,-0.1521042436361313,0.1203482449054718,0.3620508909225464,-0.4170096814632416,1.0,0.0,1.0,1.0,-0.1521042436361313,0.1203482449054718,0.3620508909225464,-0.4170096814632416,-0.14608383178710938,0.243471160531044,0.4611858129501343,-0.728904664516449,0.006020409986376762,0.22340728342533112,0.5923243761062622,-0.7420834302902222,0.006020409986376762,0.22340728342533112,0.5923243761062622,-0.7420834302902222,0.18000000715255737,0.6399999856948853,0.6545454263687134,0.6222222447395325,0.9772018194198608,0.23885871469974518,1.6546263694763184,0.029797326773405075,0.18863849341869354,-0.022798309102654457,0.23885869979858398,4
20,60,63,3,dispatch_decision_block,0.04937119409441948,0.019513050094246864,0.10880496352910995,0.012583822011947632,1.0,0.0,1.0,1.0,-0.26350855827331543,0.2636537551879883,0.6101579666137695,-0.9257415533065796,1.0,0.0,1.0,1.0,-0.26350855827331543,0.2636537551879883,0.6101579666137695,-0.9257415533065796,-0.25488194823265076,0.37560951709747314,0.6729655861854553,-1.1707127094268799,0.008626609109342098,0.2927023470401764,0.8703948855400085,-0.9516518115997314,0.008626609109342098,0.2927023470401764,0.8703948855400085,-0.9516518115997314,0.23000000417232513,0.5899999737739563,0.6727272868156433,0.4888888895511627,0.9734834432601929,0.22409310936927795,1.9312477111816406,0.025583334267139435,0.1239515095949173,-0.026516642421483994,0.22409310936927795,4
21,63,66,3,dispatch_decision_block,0.041368063539266586,0.025524064898490906,0.11623844504356384,4.585331225825939e-08,1.0,0.0,1.0,1.0,-0.4850058853626251,0.2067008763551712,0.23676306009292603,-0.7284286022186279,1.0,0.0,1.0,1.0,-0.4850058853626251,0.2067008763551712,0.23676306009292603,-0.7284286022186279,-0.4930376708507538,0.5859724283218384,1.4339356422424316,-2.1682991981506348,-0.008031790144741535,0.5353905558586121,1.9382884502410889,-1.6012811660766602,-0.008031790144741535,0.5353905558586121,1.9382884502410889,-1.6012811660766602,0.5099999904632568,0.5199999809265137,0.4399999976158142,0.6000000238418579,1.0019892454147339,0.1735849827528,1.7693222761154175,0.02170666679739952,0.19045041501522064,0.0019893706776201725,0.1735849827528,4
22,66,69,3,dispatch_decision_block,0.040312644094228745,0.02461579442024231,0.12328249216079712,4.585331225825939e-08,1.0,0.0,1.0,1.0,-0.4823988080024719,0.2520141899585724,0.4774327576160431,-0.8217345476150513,1.0,0.0,1.0,1.0,-0.4823988080024719,0.2520141899585724,0.4774327576160431,-0.8217345476150513,-0.4874859154224396,0.579850435256958,1.4157615900039673,-2.0968637466430664,-0.005087139550596476,0.5298720002174377,1.7945122718811035,-1.669152855873108,-0.005087139550596476,0.5298720002174377,1.7945122718811035,-1.669152855873108,0.47999998927116394,0.6700000166893005,0.6346153616905212,0.7083333134651184,1.0316790342330933,0.24692010879516602,1.9348030090332031,0.02069678343832493,0.1944282501935959,0.03167903423309326,0.24692010879516602,4
23,69,72,3,dispatch_decision_block,0.0534539520740509,0.014454462565481663,0.09118955582380295,0.02331644482910633,1.0,0.0,1.0,1.0,-0.33061978220939636,0.1744537353515625,0.018292680382728577,-0.7185423374176025,1.0,0.0,1.0,1.0,-0.33061978220939636,0.1744537353515625,0.018292680382728577,-0.7185423374176025,-0.3316156268119812,0.2747191786766052,0.3922361135482788,-1.1102564334869385,-0.0009958673035725951,0.23189806938171387,0.7529857754707336,-0.48874038457870483,-0.0009958673035725951,0.23189806938171387,0.7529857754707336,-0.48874038457870483,0.23999999463558197,0.5600000023841858,0.5490196347236633,0.5714285969734192,0.994276762008667,0.23109164834022522,1.8748304843902588,0.003983733709901571,0.24555964767932892,-0.005723290611058474,0.23109164834022522,4
